,State.Name,Employment.Type,Position.Name_1,Position.Of.Interest_1
0,3.0,4.0,138,40
1,3.0,4.0,342,40
2,23.0,4.0,349,40
3,20.0,4.0,349,40
4,23.0,4.0,138,40
5,23.0,4.0,66,40
6,3.0,4.0,138,10
7,3.0,4.0,342,10
8,23.0,4.0,349,10
9,20.0,4.0,349,10
10,23.0,4.0,138,10
11,23.0,4.0,66,10
12,3.0,4.0,138,46
13,3.0,4.0,342,46
14,23.0,4.0,349,46
15,20.0,4.0,349,46
16,23.0,4.0,138,46
17,23.0,4.0,66,46
18,3.0,4.0,299,40
19,22.0,4.0,328,40
20,22.0,4.0,1,40
21,22.0,4.0,131,40
22,3.0,4.0,299,61
23,22.0,4.0,328,61
24,22.0,4.0,1,61
25,22.0,4.0,131,61
26,3.0,4.0,299,22
27,22.0,4.0,328,22
28,22.0,4.0,1,22
29,22.0,4.0,131,22
30,1.0,4.0,136,71
31,10.0,4.0,154,71
32,10.0,4.0,184,71
33,1.0,4.0,136,61
34,10.0,4.0,154,61
35,10.0,4.0,184,61
36,1.0,4.0,136,13
37,10.0,4.0,154,13
38,10.0,4.0,184,13
39,1.0,4.0,136,22
40,10.0,4.0,154,22
41,10.0,4.0,184,22
42,1.0,4.0,136,62
43,10.0,4.0,154,62
44,10.0,4.0,184,62
45,1.0,4.0,136,30
46,10.0,4.0,154,30
47,10.0,4.0,184,30
48,3.0,5.0,356,61
49,3.0,5.0,367,61
50,3.0,5.0,378,61
51,3.0,5.0,152,61
52,3.0,5.0,356,22
53,3.0,5.0,367,22
54,3.0,5.0,378,22
55,3.0,5.0,152,22
56,3.0,5.0,356,62
57,3.0,5.0,367,62
58,3.0,5.0,378,62
59,3.0,5.0,152,62
60,9.0,5.0,366,29
61,9.0,5.0,366,29
62,9.0,5.0,365,29
63,9.0,5.0,366,61
64,9.0,5.0,366,61
65,9.0,5.0,365,61
66,9.0,5.0,366,36
67,9.0,5.0,366,36
68,9.0,5.0,365,36
69,9.0,5.0,366,29
70,9.0,5.0,366,29
71,9.0,5.0,365,29
72,9.0,5.0,366,61
73,9.0,5.0,366,61
74,9.0,5.0,365,61
75,9.0,5.0,366,36
76,9.0,5.0,366,36
77,9.0,5.0,365,36
78,2.0,4.0,419,71
79,2.0,4.0,419,40
80,2.0,4.0,419,46
81,2.0,4.0,419,22
82,2.0,4.0,419,71
83,2.0,4.0,419,40
84,2.0,4.0,419,46
85,2.0,4.0,419,22
86,2.0,4.0,419,71
87,2.0,4.0,419,40
88,2.0,4.0,419,46
89,2.0,4.0,419,22
90,3.0,5.0,138,40
91,3.0,5.0,342,40
92,23.0,5.0,349,40
93,20.0,5.0,349,40
94,23.0,5.0,138,40
95,23.0,5.0,66,40
96,3.0,5.0,138,10
97,3.0,5.0,342,10
98,23.0,5.0,349,10
99,20.0,5.0,349,10
100,23.0,5.0,138,10
101,23.0,5.0,66,10
102,3.0,5.0,138,46
103,3.0,5.0,342,46
104,23.0,5.0,349,46
105,20.0,5.0,349,46
106,23.0,5.0,138,46
107,23.0,5.0,66,46
108,1.0,4.0,119,53
109,1.0,4.0,63,53
110,1.0,4.0,293,53
111,1.0,4.0,270,53
112,1.0,4.0,270,53
113,1.0,4.0,272,53
114,20.0,4.0,273,53
115,20.0,4.0,111,53
116,1.0,4.0,119,28
117,1.0,4.0,63,28
118,1.0,4.0,293,28
119,1.0,4.0,270,28
120,1.0,4.0,270,28
121,1.0,4.0,272,28
122,20.0,4.0,273,28
123,20.0,4.0,111,28
124,1.0,4.0,119,51
125,1.0,4.0,63,51
126,1.0,4.0,293,51
127,1.0,4.0,270,51
128,1.0,4.0,270,51
129,1.0,4.0,272,51
130,20.0,4.0,273,51
131,20.0,4.0,111,51
132,1.0,4.0,119,23
133,1.0,4.0,63,23
134,1.0,4.0,293,23
135,1.0,4.0,270,23
136,1.0,4.0,270,23
137,1.0,4.0,272,23
138,20.0,4.0,273,23
139,20.0,4.0,111,23
140,3.0,5.0,138,40
141,3.0,5.0,342,40
142,23.0,5.0,349,40
143,20.0,5.0,349,40
144,23.0,5.0,138,40
145,23.0,5.0,66,40
146,3.0,5.0,138,10
147,3.0,5.0,342,10
148,23.0,5.0,349,10
149,20.0,5.0,349,10
150,23.0,5.0,138,10
151,23.0,5.0,66,10
152,3.0,5.0,138,46
153,3.0,5.0,342,46
154,23.0,5.0,349,46
155,20.0,5.0,349,46
156,23.0,5.0,138,46
157,23.0,5.0,66,46
158,3.0,5.0,138,40
159,3.0,5.0,342,40
160,23.0,5.0,349,40
161,20.0,5.0,349,40
162,23.0,5.0,138,40
163,23.0,5.0,66,40
164,3.0,5.0,138,10
165,3.0,5.0,342,10
166,23.0,5.0,349,10
167,20.0,5.0,349,10
168,23.0,5.0,138,10
169,23.0,5.0,66,10
170,3.0,5.0,138,46
171,3.0,5.0,342,46
172,23.0,5.0,349,46
173,20.0,5.0,349,46
174,23.0,5.0,138,46
175,23.0,5.0,66,46
176,3.0,5.0,138,40
177,3.0,5.0,342,40
178,23.0,5.0,349,40
179,20.0,5.0,349,40
180,23.0,5.0,138,40
181,23.0,5.0,66,40
182,3.0,5.0,138,10
183,3.0,5.0,342,10
184,23.0,5.0,349,10
185,20.0,5.0,349,10
186,23.0,5.0,138,10
187,23.0,5.0,66,10
188,3.0,5.0,138,46
189,3.0,5.0,342,46
190,23.0,5.0,349,46
191,20.0,5.0,349,46
192,23.0,5.0,138,46
193,23.0,5.0,66,46
194,7.0,4.0,338,61
195,8.0,4.0,206,61
196,7.0,4.0,338,13
197,8.0,4.0,206,13
198,7.0,4.0,338,22
199,8.0,4.0,206,22
200,7.0,4.0,338,62
201,8.0,4.0,206,62
202,7.0,4.0,338,61
203,8.0,4.0,206,61
204,7.0,4.0,338,13
205,8.0,4.0,206,13
206,7.0,4.0,338,22
207,8.0,4.0,206,22
208,7.0,4.0,338,62
209,8.0,4.0,206,62
210,8.0,4.0,299,61
211,8.0,4.0,299,61
212,8.0,4.0,86,61
213,8.0,4.0,346,61
214,8.0,4.0,299,61
215,8.0,4.0,299,61
216,8.0,4.0,86,61
217,8.0,4.0,346,61
218,8.0,4.0,299,61
219,8.0,4.0,299,61
220,8.0,4.0,86,61
221,8.0,4.0,346,61
222,8.0,4.0,299,61
223,8.0,4.0,299,61
224,8.0,4.0,86,61
225,8.0,4.0,346,61
226,8.0,4.0,300,61
227,8.0,4.0,161,61
228,22.0,4.0,376,61
229,25.0,4.0,157,61
230,25.0,4.0,403,61
231,8.0,4.0,300,22
232,8.0,4.0,161,22
233,22.0,4.0,376,22
234,25.0,4.0,157,22
235,25.0,4.0,403,22
236,8.0,4.0,300,62
237,8.0,4.0,161,62
238,22.0,4.0,376,62
239,25.0,4.0,157,62
240,25.0,4.0,403,62
241,8.0,4.0,300,77
242,8.0,4.0,161,77
243,22.0,4.0,376,77
244,25.0,4.0,157,77
245,25.0,4.0,403,77
246,8.0,4.0,300,61
247,8.0,4.0,161,61
248,22.0,4.0,376,61
249,25.0,4.0,157,61
250,25.0,4.0,403,61
251,8.0,4.0,300,22
252,8.0,4.0,161,22
253,22.0,4.0,376,22
254,25.0,4.0,157,22
255,25.0,4.0,403,22
256,8.0,4.0,300,62
257,8.0,4.0,161,62
258,22.0,4.0,376,62
259,25.0,4.0,157,62
260,25.0,4.0,403,62
261,8.0,4.0,300,77
262,8.0,4.0,161,77
263,22.0,4.0,376,77
264,25.0,4.0,157,77
265,25.0,4.0,403,77
266,21.0,2.0,46,71
267,21.0,2.0,46,40
268,21.0,2.0,46,61
269,21.0,2.0,46,22
270,21.0,2.0,46,62
271,21.0,2.0,46,71
272,21.0,2.0,46,40
273,21.0,2.0,46,61
274,21.0,2.0,46,22
275,21.0,2.0,46,62
276,14.0,4.0,155,40
277,14.0,4.0,188,40
278,14.0,4.0,188,40
279,14.0,4.0,155,29
280,14.0,4.0,188,29
281,14.0,4.0,188,29
282,14.0,4.0,155,46
283,14.0,4.0,188,46
284,14.0,4.0,188,46
285,14.0,4.0,155,61
286,14.0,4.0,188,61
287,14.0,4.0,188,61
288,14.0,4.0,155,22
289,14.0,4.0,188,22
290,14.0,4.0,188,22
291,14.0,4.0,155,40
292,14.0,4.0,188,40
293,14.0,4.0,188,40
294,14.0,4.0,155,29
295,14.0,4.0,188,29
296,14.0,4.0,188,29
297,14.0,4.0,155,46
298,14.0,4.0,188,46
299,14.0,4.0,188,46
300,14.0,4.0,155,61
301,14.0,4.0,188,61
302,14.0,4.0,188,61
303,14.0,4.0,155,22
304,14.0,4.0,188,22
305,14.0,4.0,188,22
306,14.0,4.0,155,40
307,14.0,4.0,188,40
308,14.0,4.0,188,40
309,14.0,4.0,155,29
310,14.0,4.0,188,29
311,14.0,4.0,188,29
312,14.0,4.0,155,46
313,14.0,4.0,188,46
314,14.0,4.0,188,46
315,14.0,4.0,155,61
316,14.0,4.0,188,61
317,14.0,4.0,188,61
318,14.0,4.0,155,22
319,14.0,4.0,188,22
320,14.0,4.0,188,22
321,12.0,2.0,382,61
322,12.0,2.0,389,61
323,12.0,2.0,382,22
324,12.0,2.0,389,22
325,12.0,2.0,382,62
326,12.0,2.0,389,62
327,12.0,2.0,382,61
328,12.0,2.0,389,61
329,12.0,2.0,382,22
330,12.0,2.0,389,22
331,12.0,2.0,382,62
332,12.0,2.0,389,62
333,20.0,5.0,43,71
334,20.0,5.0,382,71
335,20.0,5.0,43,10
336,20.0,5.0,382,10
337,20.0,5.0,43,29
338,20.0,5.0,382,29
339,20.0,5.0,43,61
340,20.0,5.0,382,61
341,20.0,5.0,43,13
342,20.0,5.0,382,13
343,20.0,5.0,43,22
344,20.0,5.0,382,22
345,20.0,5.0,43,2
346,20.0,5.0,382,2
347,20.0,5.0,43,8
348,20.0,5.0,382,8
349,20.0,5.0,43,52
350,20.0,5.0,382,52
351,20.0,5.0,43,71
352,20.0,5.0,382,71
353,20.0,5.0,43,10
354,20.0,5.0,382,10
355,20.0,5.0,43,29
356,20.0,5.0,382,29
357,20.0,5.0,43,61
358,20.0,5.0,382,61
359,20.0,5.0,43,13
360,20.0,5.0,382,13
361,20.0,5.0,43,22
362,20.0,5.0,382,22
363,20.0,5.0,43,2
364,20.0,5.0,382,2
365,20.0,5.0,43,8
366,20.0,5.0,382,8
367,20.0,5.0,43,52
368,20.0,5.0,382,52
369,20.0,5.0,43,71
370,20.0,5.0,382,71
371,20.0,5.0,43,10
372,20.0,5.0,382,10
373,20.0,5.0,43,29
374,20.0,5.0,382,29
375,20.0,5.0,43,61
376,20.0,5.0,382,61
377,20.0,5.0,43,13
378,20.0,5.0,382,13
379,20.0,5.0,43,22
380,20.0,5.0,382,22
381,20.0,5.0,43,2
382,20.0,5.0,382,2
383,20.0,5.0,43,8
384,20.0,5.0,382,8
385,20.0,5.0,43,52
386,20.0,5.0,382,52
387,20.0,5.0,261,61
388,20.0,5.0,260,61
389,20.0,5.0,12,61
390,20.0,5.0,261,58
391,20.0,5.0,260,58
392,20.0,5.0,12,58
393,9.0,5.0,178,71
394,9.0,5.0,304,71
395,9.0,5.0,207,71
396,9.0,5.0,265,71
397,9.0,5.0,133,71
398,9.0,5.0,81,71
399,9.0,5.0,178,40
400,9.0,5.0,304,40
401,9.0,5.0,207,40
402,9.0,5.0,265,40
403,9.0,5.0,133,40
404,9.0,5.0,81,40
405,9.0,5.0,178,10
406,9.0,5.0,304,10
407,9.0,5.0,207,10
408,9.0,5.0,265,10
409,9.0,5.0,133,10
410,9.0,5.0,81,10
411,9.0,5.0,178,11
412,9.0,5.0,304,11
413,9.0,5.0,207,11
414,9.0,5.0,265,11
415,9.0,5.0,133,11
416,9.0,5.0,81,11
417,9.0,5.0,178,61
418,9.0,5.0,304,61
419,9.0,5.0,207,61
420,9.0,5.0,265,61
421,9.0,5.0,133,61
422,9.0,5.0,81,61
423,9.0,5.0,178,22
424,9.0,5.0,304,22
425,9.0,5.0,207,22
426,9.0,5.0,265,22
427,9.0,5.0,133,22
428,9.0,5.0,81,22
429,9.0,5.0,178,62
430,9.0,5.0,304,62
431,9.0,5.0,207,62
432,9.0,5.0,265,62
433,9.0,5.0,133,62
434,9.0,5.0,81,62
435,9.0,5.0,366,29
436,9.0,5.0,366,29
437,9.0,5.0,365,29
438,9.0,5.0,366,61
439,9.0,5.0,366,61
440,9.0,5.0,365,61
441,9.0,5.0,366,36
442,9.0,5.0,366,36
443,9.0,5.0,365,36
444,9.0,5.0,366,29
445,9.0,5.0,366,29
446,9.0,5.0,365,29
447,9.0,5.0,366,61
448,9.0,5.0,366,61
449,9.0,5.0,365,61
450,9.0,5.0,366,36
451,9.0,5.0,366,36
452,9.0,5.0,365,36
453,6.0,4.0,101,40
454,6.0,4.0,101,61
455,6.0,4.0,101,22
456,6.0,4.0,101,13
457,6.0,4.0,101,101
458,6.0,4.0,101,40
459,6.0,4.0,101,61
460,6.0,4.0,101,22
461,6.0,4.0,101,13
462,6.0,4.0,101,101
463,7.0,4.0,338,61
464,8.0,4.0,206,61
465,7.0,4.0,338,13
466,8.0,4.0,206,13
467,7.0,4.0,338,22
468,8.0,4.0,206,22
469,7.0,4.0,338,62
470,8.0,4.0,206,62
471,7.0,4.0,338,61
472,8.0,4.0,206,61
473,7.0,4.0,338,13
474,8.0,4.0,206,13
475,7.0,4.0,338,22
476,8.0,4.0,206,22
477,7.0,4.0,338,62
478,8.0,4.0,206,62
479,24.0,4.0,276,61
480,24.0,4.0,95,61
481,24.0,4.0,277,61
482,24.0,4.0,208,61
483,24.0,4.0,276,22
484,24.0,4.0,95,22
485,24.0,4.0,277,22
486,24.0,4.0,208,22
487,13.0,5.0,70,13
488,13.0,5.0,70,22
489,13.0,5.0,70,62
490,8.0,2.0,300,61
491,8.0,2.0,161,61
492,22.0,2.0,376,61
493,25.0,2.0,157,61
494,25.0,2.0,403,61
495,8.0,2.0,300,22
496,8.0,2.0,161,22
497,22.0,2.0,376,22
498,25.0,2.0,157,22
499,25.0,2.0,403,22
500,8.0,2.0,300,62
501,8.0,2.0,161,62
502,22.0,2.0,376,62
503,25.0,2.0,157,62
504,25.0,2.0,403,62
505,8.0,2.0,300,77
506,8.0,2.0,161,77
507,22.0,2.0,376,77
508,25.0,2.0,157,77
509,25.0,2.0,403,77
510,8.0,2.0,300,61
511,8.0,2.0,161,61
512,22.0,2.0,376,61
513,25.0,2.0,157,61
514,25.0,2.0,403,61
515,8.0,2.0,300,22
516,8.0,2.0,161,22
517,22.0,2.0,376,22
518,25.0,2.0,157,22
519,25.0,2.0,403,22
520,8.0,2.0,300,62
521,8.0,2.0,161,62
522,22.0,2.0,376,62
523,25.0,2.0,157,62
524,25.0,2.0,403,62
525,8.0,2.0,300,77
526,8.0,2.0,161,77
527,22.0,2.0,376,77
528,25.0,2.0,157,77
529,25.0,2.0,403,77
530,8.0,2.0,300,61
531,8.0,2.0,161,61
532,22.0,2.0,376,61
533,25.0,2.0,157,61
534,25.0,2.0,403,61
535,8.0,2.0,300,22
536,8.0,2.0,161,22
537,22.0,2.0,376,22
538,25.0,2.0,157,22
539,25.0,2.0,403,22
540,8.0,2.0,300,62
541,8.0,2.0,161,62
542,22.0,2.0,376,62
543,25.0,2.0,157,62
544,25.0,2.0,403,62
545,8.0,2.0,300,77
546,8.0,2.0,161,77
547,22.0,2.0,376,77
548,25.0,2.0,157,77
549,25.0,2.0,403,77
550,19.0,4.0,406,22
551,5.0,4.0,35,22
552,5.0,4.0,49,22
553,19.0,4.0,406,95
554,5.0,4.0,35,95
555,5.0,4.0,49,95
556,19.0,4.0,406,102
557,5.0,4.0,35,102
558,5.0,4.0,49,102
559,19.0,4.0,406,22
560,5.0,4.0,35,22
561,5.0,4.0,49,22
562,19.0,4.0,406,95
563,5.0,4.0,35,95
564,5.0,4.0,49,95
565,19.0,4.0,406,102
566,5.0,4.0,35,102
567,5.0,4.0,49,102
568,26.0,5.0,87,61
569,26.0,5.0,169,61
570,26.0,5.0,87,22
571,26.0,5.0,169,22
572,26.0,5.0,87,52
573,26.0,5.0,169,52
574,26.0,5.0,87,50
575,26.0,5.0,169,50
576,26.0,5.0,87,61
577,26.0,5.0,169,61
578,26.0,5.0,87,22
579,26.0,5.0,169,22
580,26.0,5.0,87,52
581,26.0,5.0,169,52
582,26.0,5.0,87,50
583,26.0,5.0,169,50
584,26.0,5.0,87,61
585,26.0,5.0,169,61
586,26.0,5.0,87,22
587,26.0,5.0,169,22
588,26.0,5.0,87,52
589,26.0,5.0,169,52
590,26.0,5.0,87,50
591,26.0,5.0,169,50
592,22.0,5.0,415,61
593,22.0,5.0,394,61
594,22.0,5.0,393,61
595,22.0,5.0,416,61
596,22.0,5.0,393,61
597,22.0,5.0,415,22
598,22.0,5.0,394,22
599,22.0,5.0,393,22
600,22.0,5.0,416,22
601,22.0,5.0,393,22
602,3.0,4.0,361,71
603,3.0,4.0,309,71
604,3.0,4.0,305,71
605,3.0,4.0,361,40
606,3.0,4.0,309,40
607,3.0,4.0,305,40
608,3.0,4.0,361,61
609,3.0,4.0,309,61
610,3.0,4.0,305,61
611,3.0,4.0,361,13
612,3.0,4.0,309,13
613,3.0,4.0,305,13
614,3.0,4.0,361,22
615,3.0,4.0,309,22
616,3.0,4.0,305,22
617,3.0,4.0,361,62
618,3.0,4.0,309,62
619,3.0,4.0,305,62
620,3.0,4.0,361,71
621,3.0,4.0,309,71
622,3.0,4.0,305,71
623,3.0,4.0,361,40
624,3.0,4.0,309,40
625,3.0,4.0,305,40
626,3.0,4.0,361,61
627,3.0,4.0,309,61
628,3.0,4.0,305,61
629,3.0,4.0,361,13
630,3.0,4.0,309,13
631,3.0,4.0,305,13
632,3.0,4.0,361,22
633,3.0,4.0,309,22
634,3.0,4.0,305,22
635,3.0,4.0,361,62
636,3.0,4.0,309,62
637,3.0,4.0,305,62
638,17.0,4.0,219,22
639,17.0,4.0,75,22
640,17.0,4.0,219,23
641,17.0,4.0,75,23
642,22.0,4.0,415,61
643,22.0,4.0,394,61
644,22.0,4.0,393,61
645,22.0,4.0,416,61
646,22.0,4.0,393,61
647,22.0,4.0,415,22
648,22.0,4.0,394,22
649,22.0,4.0,393,22
650,22.0,4.0,416,22
651,22.0,4.0,393,22
652,22.0,4.0,41,40
653,22.0,4.0,253,40
654,22.0,4.0,41,40
655,22.0,4.0,41,10
656,22.0,4.0,253,10
657,22.0,4.0,41,10
658,22.0,4.0,41,11
659,22.0,4.0,253,11
660,22.0,4.0,41,11
661,22.0,4.0,41,61
662,22.0,4.0,253,61
663,22.0,4.0,41,61
664,22.0,4.0,41,13
665,22.0,4.0,253,13
666,22.0,4.0,41,13
667,22.0,4.0,41,22
668,22.0,4.0,253,22
669,22.0,4.0,41,22
670,22.0,4.0,41,62
671,22.0,4.0,253,62
672,22.0,4.0,41,62
673,22.0,4.0,41,40
674,22.0,4.0,253,40
675,22.0,4.0,41,40
676,22.0,4.0,41,10
677,22.0,4.0,253,10
678,22.0,4.0,41,10
679,22.0,4.0,41,11
680,22.0,4.0,253,11
681,22.0,4.0,41,11
682,22.0,4.0,41,61
683,22.0,4.0,253,61
684,22.0,4.0,41,61
685,22.0,4.0,41,13
686,22.0,4.0,253,13
687,22.0,4.0,41,13
688,22.0,4.0,41,22
689,22.0,4.0,253,22
690,22.0,4.0,41,22
691,22.0,4.0,41,62
692,22.0,4.0,253,62
693,22.0,4.0,41,62
694,22.0,4.0,41,40
695,22.0,4.0,253,40
696,22.0,4.0,41,40
697,22.0,4.0,41,10
698,22.0,4.0,253,10
699,22.0,4.0,41,10
700,22.0,4.0,41,11
701,22.0,4.0,253,11
702,22.0,4.0,41,11
703,22.0,4.0,41,61
704,22.0,4.0,253,61
705,22.0,4.0,41,61
706,22.0,4.0,41,13
707,22.0,4.0,253,13
708,22.0,4.0,41,13
709,22.0,4.0,41,22
710,22.0,4.0,253,22
711,22.0,4.0,41,22
712,22.0,4.0,41,62
713,22.0,4.0,253,62
714,22.0,4.0,41,62
715,3.0,4.0,303,20
716,3.0,4.0,303,20
717,3.0,4.0,303,20
718,3.0,4.0,361,71
719,3.0,4.0,309,71
720,3.0,4.0,305,71
721,3.0,4.0,361,40
722,3.0,4.0,309,40
723,3.0,4.0,305,40
724,3.0,4.0,361,61
725,3.0,4.0,309,61
726,3.0,4.0,305,61
727,3.0,4.0,361,13
728,3.0,4.0,309,13
729,3.0,4.0,305,13
730,3.0,4.0,361,22
731,3.0,4.0,309,22
732,3.0,4.0,305,22
733,3.0,4.0,361,62
734,3.0,4.0,309,62
735,3.0,4.0,305,62
736,3.0,4.0,361,71
737,3.0,4.0,309,71
738,3.0,4.0,305,71
739,3.0,4.0,361,40
740,3.0,4.0,309,40
741,3.0,4.0,305,40
742,3.0,4.0,361,61
743,3.0,4.0,309,61
744,3.0,4.0,305,61
745,3.0,4.0,361,13
746,3.0,4.0,309,13
747,3.0,4.0,305,13
748,3.0,4.0,361,22
749,3.0,4.0,309,22
750,3.0,4.0,305,22
751,3.0,4.0,361,62
752,3.0,4.0,309,62
753,3.0,4.0,305,62
754,3.0,4.0,361,71
755,3.0,4.0,309,71
756,3.0,4.0,305,71
757,3.0,4.0,361,40
758,3.0,4.0,309,40
759,3.0,4.0,305,40
760,3.0,4.0,361,61
761,3.0,4.0,309,61
762,3.0,4.0,305,61
763,3.0,4.0,361,13
764,3.0,4.0,309,13
765,3.0,4.0,305,13
766,3.0,4.0,361,22
767,3.0,4.0,309,22
768,3.0,4.0,305,22
769,3.0,4.0,361,62
770,3.0,4.0,309,62
771,3.0,4.0,305,62
772,22.0,4.0,415,61
773,22.0,4.0,394,61
774,22.0,4.0,393,61
775,22.0,4.0,416,61
776,22.0,4.0,393,61
777,22.0,4.0,415,22
778,22.0,4.0,394,22
779,22.0,4.0,393,22
780,22.0,4.0,416,22
781,22.0,4.0,393,22
782,22.0,4.0,415,61
783,22.0,4.0,394,61
784,22.0,4.0,393,61
785,22.0,4.0,416,61
786,22.0,4.0,393,61
787,22.0,4.0,415,22
788,22.0,4.0,394,22
789,22.0,4.0,393,22
790,22.0,4.0,416,22
791,22.0,4.0,393,22
792,22.0,4.0,415,61
793,22.0,4.0,394,61
794,22.0,4.0,393,61
795,22.0,4.0,416,61
796,22.0,4.0,393,61
797,22.0,4.0,415,22
798,22.0,4.0,394,22
799,22.0,4.0,393,22
800,22.0,4.0,416,22
801,22.0,4.0,393,22
802,3.0,4.0,417,71
803,3.0,4.0,412,71
804,3.0,4.0,417,62
805,3.0,4.0,412,62
806,3.0,4.0,417,83
807,3.0,4.0,412,83
808,3.0,4.0,417,71
809,3.0,4.0,412,71
810,3.0,4.0,417,62
811,3.0,4.0,412,62
812,3.0,4.0,417,83
813,3.0,4.0,412,83
814,3.0,4.0,417,71
815,3.0,4.0,412,71
816,3.0,4.0,417,62
817,3.0,4.0,412,62
818,3.0,4.0,417,83
819,3.0,4.0,412,83
820,3.0,4.0,361,71
821,3.0,4.0,309,71
822,3.0,4.0,305,71
823,3.0,4.0,361,40
824,3.0,4.0,309,40
825,3.0,4.0,305,40
826,3.0,4.0,361,61
827,3.0,4.0,309,61
828,3.0,4.0,305,61
829,3.0,4.0,361,13
830,3.0,4.0,309,13
831,3.0,4.0,305,13
832,3.0,4.0,361,22
833,3.0,4.0,309,22
834,3.0,4.0,305,22
835,3.0,4.0,361,62
836,3.0,4.0,309,62
837,3.0,4.0,305,62
838,3.0,4.0,361,71
839,3.0,4.0,309,71
840,3.0,4.0,305,71
841,3.0,4.0,361,40
842,3.0,4.0,309,40
843,3.0,4.0,305,40
844,3.0,4.0,361,61
845,3.0,4.0,309,61
846,3.0,4.0,305,61
847,3.0,4.0,361,13
848,3.0,4.0,309,13
849,3.0,4.0,305,13
850,3.0,4.0,361,22
851,3.0,4.0,309,22
852,3.0,4.0,305,22
853,3.0,4.0,361,62
854,3.0,4.0,309,62
855,3.0,4.0,305,62
856,3.0,4.0,361,71
857,3.0,4.0,309,71
858,3.0,4.0,305,71
859,3.0,4.0,361,40
860,3.0,4.0,309,40
861,3.0,4.0,305,40
862,3.0,4.0,361,61
863,3.0,4.0,309,61
864,3.0,4.0,305,61
865,3.0,4.0,361,13
866,3.0,4.0,309,13
867,3.0,4.0,305,13
868,3.0,4.0,361,22
869,3.0,4.0,309,22
870,3.0,4.0,305,22
871,3.0,4.0,361,62
872,3.0,4.0,309,62
873,3.0,4.0,305,62
874,3.0,4.0,361,71
875,3.0,4.0,309,71
876,3.0,4.0,305,71
877,3.0,4.0,361,40
878,3.0,4.0,309,40
879,3.0,4.0,305,40
880,3.0,4.0,361,61
881,3.0,4.0,309,61
882,3.0,4.0,305,61
883,3.0,4.0,361,13
884,3.0,4.0,309,13
885,3.0,4.0,305,13
886,3.0,4.0,361,22
887,3.0,4.0,309,22
888,3.0,4.0,305,22
889,3.0,4.0,361,62
890,3.0,4.0,309,62
891,3.0,4.0,305,62
892,3.0,4.0,361,71
893,3.0,4.0,309,71
894,3.0,4.0,305,71
895,3.0,4.0,361,40
896,3.0,4.0,309,40
897,3.0,4.0,305,40
898,3.0,4.0,361,61
899,3.0,4.0,309,61
900,3.0,4.0,305,61
901,3.0,4.0,361,13
902,3.0,4.0,309,13
903,3.0,4.0,305,13
904,3.0,4.0,361,22
905,3.0,4.0,309,22
906,3.0,4.0,305,22
907,3.0,4.0,361,62
908,3.0,4.0,309,62
909,3.0,4.0,305,62
910,3.0,4.0,361,71
911,3.0,4.0,309,71
912,3.0,4.0,305,71
913,3.0,4.0,361,40
914,3.0,4.0,309,40
915,3.0,4.0,305,40
916,3.0,4.0,361,61
917,3.0,4.0,309,61
918,3.0,4.0,305,61
919,3.0,4.0,361,13
920,3.0,4.0,309,13
921,3.0,4.0,305,13
922,3.0,4.0,361,22
923,3.0,4.0,309,22
924,3.0,4.0,305,22
925,3.0,4.0,361,62
926,3.0,4.0,309,62
927,3.0,4.0,305,62
928,3.0,4.0,361,71
929,3.0,4.0,309,71
930,3.0,4.0,305,71
931,3.0,4.0,361,40
932,3.0,4.0,309,40
933,3.0,4.0,305,40
934,3.0,4.0,361,61
935,3.0,4.0,309,61
936,3.0,4.0,305,61
937,3.0,4.0,361,13
938,3.0,4.0,309,13
939,3.0,4.0,305,13
940,3.0,4.0,361,22
941,3.0,4.0,309,22
942,3.0,4.0,305,22
943,3.0,4.0,361,62
944,3.0,4.0,309,62
945,3.0,4.0,305,62
946,9.0,4.0,68,46
947,9.0,4.0,68,92
948,9.0,4.0,68,46
949,9.0,4.0,68,92
950,9.0,4.0,68,46
951,9.0,4.0,68,92
952,3.0,4.0,361,71
953,3.0,4.0,309,71
954,3.0,4.0,305,71
955,3.0,4.0,361,40
956,3.0,4.0,309,40
957,3.0,4.0,305,40
958,3.0,4.0,361,61
959,3.0,4.0,309,61
960,3.0,4.0,305,61
961,3.0,4.0,361,13
962,3.0,4.0,309,13
963,3.0,4.0,305,13
964,3.0,4.0,361,22
965,3.0,4.0,309,22
966,3.0,4.0,305,22
967,3.0,4.0,361,62
968,3.0,4.0,309,62
969,3.0,4.0,305,62
970,20.0,5.0,292,40
971,20.0,5.0,18,40
972,20.0,5.0,145,40
973,20.0,5.0,292,61
974,20.0,5.0,18,61
975,20.0,5.0,145,61
976,20.0,5.0,292,13
977,20.0,5.0,18,13
978,20.0,5.0,145,13
979,20.0,5.0,292,22
980,20.0,5.0,18,22
981,20.0,5.0,145,22
982,20.0,5.0,292,62
983,20.0,5.0,18,62
984,20.0,5.0,145,62
985,22.0,5.0,41,40
986,22.0,5.0,253,40
987,22.0,5.0,41,40
988,22.0,5.0,41,10
989,22.0,5.0,253,10
990,22.0,5.0,41,10
991,22.0,5.0,41,11
992,22.0,5.0,253,11
993,22.0,5.0,41,11
994,22.0,5.0,41,61
995,22.0,5.0,253,61
996,22.0,5.0,41,61
997,22.0,5.0,41,13
998,22.0,5.0,253,13
999,22.0,5.0,41,13
1000,22.0,5.0,41,22
1001,22.0,5.0,253,22
1002,22.0,5.0,41,22
1003,22.0,5.0,41,62
1004,22.0,5.0,253,62
1005,22.0,5.0,41,62
1006,22.0,5.0,41,40
1007,22.0,5.0,253,40
1008,22.0,5.0,41,40
1009,22.0,5.0,41,10
1010,22.0,5.0,253,10
1011,22.0,5.0,41,10
1012,22.0,5.0,41,11
1013,22.0,5.0,253,11
1014,22.0,5.0,41,11
1015,22.0,5.0,41,61
1016,22.0,5.0,253,61
1017,22.0,5.0,41,61
1018,22.0,5.0,41,13
1019,22.0,5.0,253,13
1020,22.0,5.0,41,13
1021,22.0,5.0,41,22
1022,22.0,5.0,253,22
1023,22.0,5.0,41,22
1024,22.0,5.0,41,62
1025,22.0,5.0,253,62
1026,22.0,5.0,41,62
1027,19.0,4.0,175,41
1028,3.0,4.0,288,41
1029,19.0,4.0,88,41
1030,20.0,4.0,253,41
1031,19.0,4.0,175,41
1032,3.0,4.0,288,41
1033,19.0,4.0,88,41
1034,20.0,4.0,253,41
1035,3.0,5.0,123,61
1036,3.0,5.0,123,61
1037,3.0,5.0,203,61
1038,3.0,5.0,123,22
1039,3.0,5.0,123,22
1040,3.0,5.0,203,22
1041,3.0,5.0,123,90
1042,3.0,5.0,123,90
1043,3.0,5.0,203,90
1044,3.0,5.0,123,79
1045,3.0,5.0,123,79
1046,3.0,5.0,203,79
1047,3.0,5.0,123,91
1048,3.0,5.0,123,91
1049,3.0,5.0,203,91
1050,3.0,5.0,123,96
1051,3.0,5.0,123,96
1052,3.0,5.0,203,96
1053,3.0,5.0,123,61
1054,3.0,5.0,123,61
1055,3.0,5.0,203,61
1056,3.0,5.0,123,22
1057,3.0,5.0,123,22
1058,3.0,5.0,203,22
1059,3.0,5.0,123,90
1060,3.0,5.0,123,90
1061,3.0,5.0,203,90
1062,3.0,5.0,123,79
1063,3.0,5.0,123,79
1064,3.0,5.0,203,79
1065,3.0,5.0,123,91
1066,3.0,5.0,123,91
1067,3.0,5.0,203,91
1068,3.0,5.0,123,96
1069,3.0,5.0,123,96
1070,3.0,5.0,203,96
1071,9.0,5.0,7,61
1072,9.0,5.0,156,61
1073,9.0,5.0,290,61
1074,9.0,5.0,286,61
1075,9.0,5.0,7,2
1076,9.0,5.0,156,2
1077,9.0,5.0,290,2
1078,9.0,5.0,286,2
1079,20.0,2.0,307,61
1080,20.0,2.0,307,13
1081,20.0,2.0,307,22
1082,20.0,2.0,307,62
1083,20.0,2.0,307,61
1084,20.0,2.0,307,13
1085,20.0,2.0,307,22
1086,20.0,2.0,307,62
1087,20.0,2.0,307,61
1088,20.0,2.0,307,13
1089,20.0,2.0,307,22
1090,20.0,2.0,307,62
1091,20.0,2.0,307,61
1092,20.0,2.0,307,13
1093,20.0,2.0,307,22
1094,20.0,2.0,307,62
1095,7.0,2.0,338,61
1096,8.0,2.0,206,61
1097,7.0,2.0,338,13
1098,8.0,2.0,206,13
1099,7.0,2.0,338,22
1100,8.0,2.0,206,22
1101,7.0,2.0,338,62
1102,8.0,2.0,206,62
1103,7.0,2.0,338,61
1104,8.0,2.0,206,61
1105,7.0,2.0,338,13
1106,8.0,2.0,206,13
1107,7.0,2.0,338,22
1108,8.0,2.0,206,22
1109,7.0,2.0,338,62
1110,8.0,2.0,206,62
1111,7.0,2.0,338,61
1112,8.0,2.0,206,61
1113,7.0,2.0,338,13
1114,8.0,2.0,206,13
1115,7.0,2.0,338,22
1116,8.0,2.0,206,22
1117,7.0,2.0,338,62
1118,8.0,2.0,206,62
1119,7.0,2.0,338,61
1120,8.0,2.0,206,61
1121,7.0,2.0,338,13
1122,8.0,2.0,206,13
1123,7.0,2.0,338,22
1124,8.0,2.0,206,22
1125,7.0,2.0,338,62
1126,8.0,2.0,206,62
1127,7.0,3.0,338,61
1128,8.0,3.0,206,61
1129,7.0,3.0,338,13
1130,8.0,3.0,206,13
1131,7.0,3.0,338,22
1132,8.0,3.0,206,22
1133,7.0,3.0,338,62
1134,8.0,3.0,206,62
1135,7.0,3.0,338,61
1136,8.0,3.0,206,61
1137,7.0,3.0,338,13
1138,8.0,3.0,206,13
1139,7.0,3.0,338,22
1140,8.0,3.0,206,22
1141,7.0,3.0,338,62
1142,8.0,3.0,206,62
1143,20.0,5.0,292,40
1144,20.0,5.0,18,40
1145,20.0,5.0,145,40
1146,20.0,5.0,292,61
1147,20.0,5.0,18,61
1148,20.0,5.0,145,61
1149,20.0,5.0,292,13
1150,20.0,5.0,18,13
1151,20.0,5.0,145,13
1152,20.0,5.0,292,22
1153,20.0,5.0,18,22
1154,20.0,5.0,145,22
1155,20.0,5.0,292,62
1156,20.0,5.0,18,62
1157,20.0,5.0,145,62
1158,20.0,5.0,292,40
1159,20.0,5.0,18,40
1160,20.0,5.0,145,40
1161,20.0,5.0,292,61
1162,20.0,5.0,18,61
1163,20.0,5.0,145,61
1164,20.0,5.0,292,13
1165,20.0,5.0,18,13
1166,20.0,5.0,145,13
1167,20.0,5.0,292,22
1168,20.0,5.0,18,22
1169,20.0,5.0,145,22
1170,20.0,5.0,292,62
1171,20.0,5.0,18,62
1172,20.0,5.0,145,62
1173,20.0,5.0,122,61
1174,20.0,5.0,125,61
1175,20.0,5.0,123,61
1176,20.0,5.0,126,61
1177,20.0,5.0,122,22
1178,20.0,5.0,125,22
1179,20.0,5.0,123,22
1180,20.0,5.0,126,22
1181,20.0,5.0,122,2
1182,20.0,5.0,125,2
1183,20.0,5.0,123,2
1184,20.0,5.0,126,2
1185,20.0,5.0,122,61
1186,20.0,5.0,125,61
1187,20.0,5.0,123,61
1188,20.0,5.0,126,61
1189,20.0,5.0,122,22
1190,20.0,5.0,125,22
1191,20.0,5.0,123,22
1192,20.0,5.0,126,22
1193,20.0,5.0,122,2
1194,20.0,5.0,125,2
1195,20.0,5.0,123,2
1196,20.0,5.0,126,2
1197,20.0,5.0,122,61
1198,20.0,5.0,125,61
1199,20.0,5.0,123,61
1200,20.0,5.0,126,61
1201,20.0,5.0,122,22
1202,20.0,5.0,125,22
1203,20.0,5.0,123,22
1204,20.0,5.0,126,22
1205,20.0,5.0,122,2
1206,20.0,5.0,125,2
1207,20.0,5.0,123,2
1208,20.0,5.0,126,2
1209,20.0,5.0,9,61
1210,20.0,5.0,9,13
1211,20.0,5.0,9,22
1212,20.0,5.0,9,61
1213,20.0,5.0,9,13
1214,20.0,5.0,9,22
1215,8.0,4.0,95,61
1216,8.0,4.0,19,61
1217,9.0,4.0,46,61
1218,14.0,4.0,373,61
1219,8.0,4.0,95,22
1220,8.0,4.0,19,22
1221,9.0,4.0,46,22
1222,14.0,4.0,373,22
1223,8.0,4.0,95,61
1224,8.0,4.0,19,61
1225,9.0,4.0,46,61
1226,14.0,4.0,373,61
1227,8.0,4.0,95,22
1228,8.0,4.0,19,22
1229,9.0,4.0,46,22
1230,14.0,4.0,373,22
1231,8.0,4.0,95,61
1232,8.0,4.0,19,61
1233,9.0,4.0,46,61
1234,14.0,4.0,373,61
1235,8.0,4.0,95,22
1236,8.0,4.0,19,22
1237,9.0,4.0,46,22
1238,14.0,4.0,373,22
1239,8.0,4.0,46,40
1240,8.0,4.0,221,40
1241,8.0,4.0,46,61
1242,8.0,4.0,221,61
1243,8.0,4.0,46,22
1244,8.0,4.0,221,22
1245,8.0,4.0,46,62
1246,8.0,4.0,221,62
1247,8.0,4.0,46,40
1248,8.0,4.0,221,40
1249,8.0,4.0,46,61
1250,8.0,4.0,221,61
1251,8.0,4.0,46,22
1252,8.0,4.0,221,22
1253,8.0,4.0,46,62
1254,8.0,4.0,221,62
1255,8.0,4.0,46,40
1256,8.0,4.0,221,40
1257,8.0,4.0,46,61
1258,8.0,4.0,221,61
1259,8.0,4.0,46,22
1260,8.0,4.0,221,22
1261,8.0,4.0,46,62
1262,8.0,4.0,221,62
1263,20.0,5.0,292,40
1264,20.0,5.0,18,40
1265,20.0,5.0,145,40
1266,20.0,5.0,292,61
1267,20.0,5.0,18,61
1268,20.0,5.0,145,61
1269,20.0,5.0,292,13
1270,20.0,5.0,18,13
1271,20.0,5.0,145,13
1272,20.0,5.0,292,22
1273,20.0,5.0,18,22
1274,20.0,5.0,145,22
1275,20.0,5.0,292,62
1276,20.0,5.0,18,62
1277,20.0,5.0,145,62
1278,20.0,5.0,292,40
1279,20.0,5.0,18,40
1280,20.0,5.0,145,40
1281,20.0,5.0,292,61
1282,20.0,5.0,18,61
1283,20.0,5.0,145,61
1284,20.0,5.0,292,13
1285,20.0,5.0,18,13
1286,20.0,5.0,145,13
1287,20.0,5.0,292,22
1288,20.0,5.0,18,22
1289,20.0,5.0,145,22
1290,20.0,5.0,292,62
1291,20.0,5.0,18,62
1292,20.0,5.0,145,62
1293,20.0,5.0,326,71
1294,20.0,5.0,326,40
1295,20.0,5.0,326,61
1296,20.0,5.0,326,13
1297,20.0,5.0,326,71
1298,20.0,5.0,326,40
1299,20.0,5.0,326,61
1300,20.0,5.0,326,13
1301,20.0,5.0,326,71
1302,20.0,5.0,326,40
1303,20.0,5.0,326,61
1304,20.0,5.0,326,13
1305,25.0,4.0,167,71
1306,3.0,4.0,374,71
1307,25.0,4.0,167,40
1308,3.0,4.0,374,40
1309,3.0,4.0,269,71
1310,3.0,4.0,390,71
1311,3.0,4.0,269,40
1312,3.0,4.0,390,40
1313,3.0,4.0,269,11
1314,3.0,4.0,390,11
1315,3.0,4.0,331,71
1316,20.0,4.0,408,71
1317,20.0,4.0,333,71
1318,20.0,4.0,334,71
1319,20.0,4.0,331,71
1320,3.0,4.0,331,10
1321,20.0,4.0,408,10
1322,20.0,4.0,333,10
1323,20.0,4.0,334,10
1324,20.0,4.0,331,10
1325,3.0,4.0,331,11
1326,20.0,4.0,408,11
1327,20.0,4.0,333,11
1328,20.0,4.0,334,11
1329,20.0,4.0,331,11
1330,28.0,5.0,104,25
1331,9.0,4.0,178,71
1332,9.0,4.0,304,71
1333,9.0,4.0,207,71
1334,9.0,4.0,265,71
1335,9.0,4.0,133,71
1336,9.0,4.0,81,71
1337,9.0,4.0,178,40
1338,9.0,4.0,304,40
1339,9.0,4.0,207,40
1340,9.0,4.0,265,40
1341,9.0,4.0,133,40
1342,9.0,4.0,81,40
1343,9.0,4.0,178,10
1344,9.0,4.0,304,10
1345,9.0,4.0,207,10
1346,9.0,4.0,265,10
1347,9.0,4.0,133,10
1348,9.0,4.0,81,10
1349,9.0,4.0,178,11
1350,9.0,4.0,304,11
1351,9.0,4.0,207,11
1352,9.0,4.0,265,11
1353,9.0,4.0,133,11
1354,9.0,4.0,81,11
1355,9.0,4.0,178,61
1356,9.0,4.0,304,61
1357,9.0,4.0,207,61
1358,9.0,4.0,265,61
1359,9.0,4.0,133,61
1360,9.0,4.0,81,61
1361,9.0,4.0,178,22
1362,9.0,4.0,304,22
1363,9.0,4.0,207,22
1364,9.0,4.0,265,22
1365,9.0,4.0,133,22
1366,9.0,4.0,81,22
1367,9.0,4.0,178,62
1368,9.0,4.0,304,62
1369,9.0,4.0,207,62
1370,9.0,4.0,265,62
1371,9.0,4.0,133,62
1372,9.0,4.0,81,62
1373,12.0,4.0,320,11
1374,12.0,4.0,320,61
1375,12.0,4.0,320,22
1376,12.0,4.0,320,62
1377,12.0,4.0,320,66
1378,12.0,4.0,320,11
1379,12.0,4.0,320,61
1380,12.0,4.0,320,22
1381,12.0,4.0,320,62
1382,12.0,4.0,320,66
1383,12.0,4.0,320,11
1384,12.0,4.0,320,61
1385,12.0,4.0,320,22
1386,12.0,4.0,320,62
1387,12.0,4.0,320,66
1388,3.0,4.0,280,71
1389,3.0,4.0,180,71
1390,3.0,4.0,280,29
1391,3.0,4.0,180,29
1392,3.0,4.0,331,71
1393,20.0,4.0,408,71
1394,20.0,4.0,333,71
1395,20.0,4.0,334,71
1396,20.0,4.0,331,71
1397,3.0,4.0,331,10
1398,20.0,4.0,408,10
1399,20.0,4.0,333,10
1400,20.0,4.0,334,10
1401,20.0,4.0,331,10
1402,3.0,4.0,331,11
1403,20.0,4.0,408,11
1404,20.0,4.0,333,11
1405,20.0,4.0,334,11
1406,20.0,4.0,331,11
1407,25.0,4.0,167,71
1408,3.0,4.0,374,71
1409,25.0,4.0,167,40
1410,3.0,4.0,374,40
1411,8.0,4.0,282,61
1412,0.0,4.0,148,61
1413,0.0,4.0,332,61
1414,0.0,4.0,91,61
1415,8.0,4.0,282,61
1416,0.0,4.0,148,61
1417,0.0,4.0,332,61
1418,0.0,4.0,91,61
1419,8.0,4.0,300,61
1420,8.0,4.0,161,61
1421,22.0,4.0,376,61
1422,25.0,4.0,157,61
1423,25.0,4.0,403,61
1424,8.0,4.0,300,22
1425,8.0,4.0,161,22
1426,22.0,4.0,376,22
1427,25.0,4.0,157,22
1428,25.0,4.0,403,22
1429,8.0,4.0,300,62
1430,8.0,4.0,161,62
1431,22.0,4.0,376,62
1432,25.0,4.0,157,62
1433,25.0,4.0,403,62
1434,8.0,4.0,300,77
1435,8.0,4.0,161,77
1436,22.0,4.0,376,77
1437,25.0,4.0,157,77
1438,25.0,4.0,403,77
1439,9.0,5.0,7,61
1440,9.0,5.0,156,61
1441,9.0,5.0,290,61
1442,9.0,5.0,286,61
1443,9.0,5.0,7,2
1444,9.0,5.0,156,2
1445,9.0,5.0,290,2
1446,9.0,5.0,286,2
1447,9.0,5.0,7,61
1448,9.0,5.0,156,61
1449,9.0,5.0,290,61
1450,9.0,5.0,286,61
1451,9.0,5.0,7,2
1452,9.0,5.0,156,2
1453,9.0,5.0,290,2
1454,9.0,5.0,286,2
1455,9.0,5.0,7,61
1456,9.0,5.0,156,61
1457,9.0,5.0,290,61
1458,9.0,5.0,286,61
1459,9.0,5.0,7,2
1460,9.0,5.0,156,2
1461,9.0,5.0,290,2
1462,9.0,5.0,286,2
1463,22.0,5.0,415,61
1464,22.0,5.0,394,61
1465,22.0,5.0,393,61
1466,22.0,5.0,416,61
1467,22.0,5.0,393,61
1468,22.0,5.0,415,22
1469,22.0,5.0,394,22
1470,22.0,5.0,393,22
1471,22.0,5.0,416,22
1472,22.0,5.0,393,22
1473,20.0,5.0,238,61
1474,20.0,5.0,238,61
1475,20.0,5.0,363,61
1476,19.0,5.0,244,61
1477,20.0,5.0,238,13
1478,20.0,5.0,238,13
1479,20.0,5.0,363,13
1480,19.0,5.0,244,13
1481,20.0,5.0,238,22
1482,20.0,5.0,238,22
1483,20.0,5.0,363,22
1484,19.0,5.0,244,22
1485,20.0,5.0,238,61
1486,20.0,5.0,238,61
1487,20.0,5.0,363,61
1488,19.0,5.0,244,61
1489,20.0,5.0,238,13
1490,20.0,5.0,238,13
1491,20.0,5.0,363,13
1492,19.0,5.0,244,13
1493,20.0,5.0,238,22
1494,20.0,5.0,238,22
1495,20.0,5.0,363,22
1496,19.0,5.0,244,22
1497,20.0,5.0,238,61
1498,20.0,5.0,238,61
1499,20.0,5.0,363,61
1500,19.0,5.0,244,61
1501,20.0,5.0,238,13
1502,20.0,5.0,238,13
1503,20.0,5.0,363,13
1504,19.0,5.0,244,13
1505,20.0,5.0,238,22
1506,20.0,5.0,238,22
1507,20.0,5.0,363,22
1508,19.0,5.0,244,22
1509,3.0,5.0,123,61
1510,3.0,5.0,123,61
1511,3.0,5.0,203,61
1512,3.0,5.0,123,22
1513,3.0,5.0,123,22
1514,3.0,5.0,203,22
1515,3.0,5.0,123,90
1516,3.0,5.0,123,90
1517,3.0,5.0,203,90
1518,3.0,5.0,123,79
1519,3.0,5.0,123,79
1520,3.0,5.0,203,79
1521,3.0,5.0,123,91
1522,3.0,5.0,123,91
1523,3.0,5.0,203,91
1524,3.0,5.0,123,96
1525,3.0,5.0,123,96
1526,3.0,5.0,203,96
1527,20.0,5.0,292,40
1528,20.0,5.0,18,40
1529,20.0,5.0,145,40
1530,20.0,5.0,292,61
1531,20.0,5.0,18,61
1532,20.0,5.0,145,61
1533,20.0,5.0,292,13
1534,20.0,5.0,18,13
1535,20.0,5.0,145,13
1536,20.0,5.0,292,22
1537,20.0,5.0,18,22
1538,20.0,5.0,145,22
1539,20.0,5.0,292,62
1540,20.0,5.0,18,62
1541,20.0,5.0,145,62
1542,20.0,5.0,292,40
1543,20.0,5.0,18,40
1544,20.0,5.0,145,40
1545,20.0,5.0,292,61
1546,20.0,5.0,18,61
1547,20.0,5.0,145,61
1548,20.0,5.0,292,13
1549,20.0,5.0,18,13
1550,20.0,5.0,145,13
1551,20.0,5.0,292,22
1552,20.0,5.0,18,22
1553,20.0,5.0,145,22
1554,20.0,5.0,292,62
1555,20.0,5.0,18,62
1556,20.0,5.0,145,62
1557,20.0,5.0,292,40
1558,20.0,5.0,18,40
1559,20.0,5.0,145,40
1560,20.0,5.0,292,61
1561,20.0,5.0,18,61
1562,20.0,5.0,145,61
1563,20.0,5.0,292,13
1564,20.0,5.0,18,13
1565,20.0,5.0,145,13
1566,20.0,5.0,292,22
1567,20.0,5.0,18,22
1568,20.0,5.0,145,22
1569,20.0,5.0,292,62
1570,20.0,5.0,18,62
1571,20.0,5.0,145,62
1572,20.0,5.0,292,40
1573,20.0,5.0,18,40
1574,20.0,5.0,145,40
1575,20.0,5.0,292,61
1576,20.0,5.0,18,61
1577,20.0,5.0,145,61
1578,20.0,5.0,292,13
1579,20.0,5.0,18,13
1580,20.0,5.0,145,13
1581,20.0,5.0,292,22
1582,20.0,5.0,18,22
1583,20.0,5.0,145,22
1584,20.0,5.0,292,62
1585,20.0,5.0,18,62
1586,20.0,5.0,145,62
1587,20.0,5.0,292,40
1588,20.0,5.0,18,40
1589,20.0,5.0,145,40
1590,20.0,5.0,292,61
1591,20.0,5.0,18,61
1592,20.0,5.0,145,61
1593,20.0,5.0,292,13
1594,20.0,5.0,18,13
1595,20.0,5.0,145,13
1596,20.0,5.0,292,22
1597,20.0,5.0,18,22
1598,20.0,5.0,145,22
1599,20.0,5.0,292,62
1600,20.0,5.0,18,62
1601,20.0,5.0,145,62
1602,20.0,5.0,292,40
1603,20.0,5.0,18,40
1604,20.0,5.0,145,40
1605,20.0,5.0,292,61
1606,20.0,5.0,18,61
1607,20.0,5.0,145,61
1608,20.0,5.0,292,13
1609,20.0,5.0,18,13
1610,20.0,5.0,145,13
1611,20.0,5.0,292,22
1612,20.0,5.0,18,22
1613,20.0,5.0,145,22
1614,20.0,5.0,292,62
1615,20.0,5.0,18,62
1616,20.0,5.0,145,62
1617,20.0,5.0,292,40
1618,20.0,5.0,18,40
1619,20.0,5.0,145,40
1620,20.0,5.0,292,61
1621,20.0,5.0,18,61
1622,20.0,5.0,145,61
1623,20.0,5.0,292,13
1624,20.0,5.0,18,13
1625,20.0,5.0,145,13
1626,20.0,5.0,292,22
1627,20.0,5.0,18,22
1628,20.0,5.0,145,22
1629,20.0,5.0,292,62
1630,20.0,5.0,18,62
1631,20.0,5.0,145,62
1632,7.0,4.0,338,61
1633,8.0,4.0,206,61
1634,7.0,4.0,338,13
1635,8.0,4.0,206,13
1636,7.0,4.0,338,22
1637,8.0,4.0,206,22
1638,7.0,4.0,338,62
1639,8.0,4.0,206,62
1640,8.0,4.0,95,61
1641,8.0,4.0,19,61
1642,9.0,4.0,46,61
1643,14.0,4.0,373,61
1644,8.0,4.0,95,22
1645,8.0,4.0,19,22
1646,9.0,4.0,46,22
1647,14.0,4.0,373,22
1648,8.0,4.0,95,61
1649,8.0,4.0,19,61
1650,9.0,4.0,46,61
1651,14.0,4.0,373,61
1652,8.0,4.0,95,22
1653,8.0,4.0,19,22
1654,9.0,4.0,46,22
1655,14.0,4.0,373,22
1656,8.0,4.0,95,61
1657,8.0,4.0,19,61
1658,9.0,4.0,46,61
1659,14.0,4.0,373,61
1660,8.0,4.0,95,22
1661,8.0,4.0,19,22
1662,9.0,4.0,46,22
1663,14.0,4.0,373,22
1664,8.0,4.0,300,61
1665,8.0,4.0,161,61
1666,22.0,4.0,376,61
1667,25.0,4.0,157,61
1668,25.0,4.0,403,61
1669,8.0,4.0,300,22
1670,8.0,4.0,161,22
1671,22.0,4.0,376,22
1672,25.0,4.0,157,22
1673,25.0,4.0,403,22
1674,8.0,4.0,300,62
1675,8.0,4.0,161,62
1676,22.0,4.0,376,62
1677,25.0,4.0,157,62
1678,25.0,4.0,403,62
1679,8.0,4.0,300,77
1680,8.0,4.0,161,77
1681,22.0,4.0,376,77
1682,25.0,4.0,157,77
1683,25.0,4.0,403,77
1684,8.0,4.0,300,61
1685,8.0,4.0,161,61
1686,22.0,4.0,376,61
1687,25.0,4.0,157,61
1688,25.0,4.0,403,61
1689,8.0,4.0,300,22
1690,8.0,4.0,161,22
1691,22.0,4.0,376,22
1692,25.0,4.0,157,22
1693,25.0,4.0,403,22
1694,8.0,4.0,300,62
1695,8.0,4.0,161,62
1696,22.0,4.0,376,62
1697,25.0,4.0,157,62
1698,25.0,4.0,403,62
1699,8.0,4.0,300,77
1700,8.0,4.0,161,77
1701,22.0,4.0,376,77
1702,25.0,4.0,157,77
1703,25.0,4.0,403,77
1704,3.0,5.0,361,71
1705,3.0,5.0,309,71
1706,3.0,5.0,305,71
1707,3.0,5.0,361,40
1708,3.0,5.0,309,40
1709,3.0,5.0,305,40
1710,3.0,5.0,361,61
1711,3.0,5.0,309,61
1712,3.0,5.0,305,61
1713,3.0,5.0,361,13
1714,3.0,5.0,309,13
1715,3.0,5.0,305,13
1716,3.0,5.0,361,22
1717,3.0,5.0,309,22
1718,3.0,5.0,305,22
1719,3.0,5.0,361,62
1720,3.0,5.0,309,62
1721,3.0,5.0,305,62
1722,3.0,5.0,361,71
1723,3.0,5.0,309,71
1724,3.0,5.0,305,71
1725,3.0,5.0,361,40
1726,3.0,5.0,309,40
1727,3.0,5.0,305,40
1728,3.0,5.0,361,61
1729,3.0,5.0,309,61
1730,3.0,5.0,305,61
1731,3.0,5.0,361,13
1732,3.0,5.0,309,13
1733,3.0,5.0,305,13
1734,3.0,5.0,361,22
1735,3.0,5.0,309,22
1736,3.0,5.0,305,22
1737,3.0,5.0,361,62
1738,3.0,5.0,309,62
1739,3.0,5.0,305,62
1740,3.0,5.0,361,71
1741,3.0,5.0,309,71
1742,3.0,5.0,305,71
1743,3.0,5.0,361,40
1744,3.0,5.0,309,40
1745,3.0,5.0,305,40
1746,3.0,5.0,361,61
1747,3.0,5.0,309,61
1748,3.0,5.0,305,61
1749,3.0,5.0,361,13
1750,3.0,5.0,309,13
1751,3.0,5.0,305,13
1752,3.0,5.0,361,22
1753,3.0,5.0,309,22
1754,3.0,5.0,305,22
1755,3.0,5.0,361,62
1756,3.0,5.0,309,62
1757,3.0,5.0,305,62
1758,3.0,5.0,361,71
1759,3.0,5.0,309,71
1760,3.0,5.0,305,71
1761,3.0,5.0,361,40
1762,3.0,5.0,309,40
1763,3.0,5.0,305,40
1764,3.0,5.0,361,61
1765,3.0,5.0,309,61
1766,3.0,5.0,305,61
1767,3.0,5.0,361,13
1768,3.0,5.0,309,13
1769,3.0,5.0,305,13
1770,3.0,5.0,361,22
1771,3.0,5.0,309,22
1772,3.0,5.0,305,22
1773,3.0,5.0,361,62
1774,3.0,5.0,309,62
1775,3.0,5.0,305,62
1776,3.0,4.0,269,71
1777,3.0,4.0,390,71
1778,3.0,4.0,269,40
1779,3.0,4.0,390,40
1780,3.0,4.0,269,11
1781,3.0,4.0,390,11
1782,3.0,4.0,27,71
1783,3.0,4.0,331,71
1784,3.0,4.0,166,71
1785,3.0,4.0,331,71
1786,3.0,4.0,331,71
1787,20.0,4.0,408,71
1788,20.0,4.0,333,71
1789,20.0,4.0,334,71
1790,20.0,4.0,331,71
1791,3.0,4.0,331,10
1792,20.0,4.0,408,10
1793,20.0,4.0,333,10
1794,20.0,4.0,334,10
1795,20.0,4.0,331,10
1796,3.0,4.0,331,11
1797,20.0,4.0,408,11
1798,20.0,4.0,333,11
1799,20.0,4.0,334,11
1800,20.0,4.0,331,11
1801,20.0,4.0,282,71
1802,20.0,4.0,282,61
1803,20.0,4.0,282,15
1804,14.0,4.0,48,40
1805,14.0,4.0,48,29
1806,14.0,4.0,48,22
1807,14.0,4.0,48,62
1808,14.0,4.0,48,16
1809,3.0,4.0,105,13
1810,3.0,4.0,105,22
1811,3.0,4.0,105,27
1812,3.0,4.0,105,13
1813,3.0,4.0,105,22
1814,3.0,4.0,105,27
1815,3.0,4.0,105,13
1816,3.0,4.0,105,22
1817,3.0,4.0,105,27
1818,3.0,4.0,50,29
1819,3.0,4.0,231,29
1820,3.0,4.0,231,29
1821,3.0,4.0,50,11
1822,3.0,4.0,231,11
1823,3.0,4.0,231,11
1824,3.0,4.0,50,61
1825,3.0,4.0,231,61
1826,3.0,4.0,231,61
1827,3.0,4.0,50,22
1828,3.0,4.0,231,22
1829,3.0,4.0,231,22
1830,3.0,4.0,50,62
1831,3.0,4.0,231,62
1832,3.0,4.0,231,62
1833,3.0,4.0,392,87
1834,1.0,4.0,136,71
1835,10.0,4.0,154,71
1836,10.0,4.0,184,71
1837,1.0,4.0,136,61
1838,10.0,4.0,154,61
1839,10.0,4.0,184,61
1840,1.0,4.0,136,13
1841,10.0,4.0,154,13
1842,10.0,4.0,184,13
1843,1.0,4.0,136,22
1844,10.0,4.0,154,22
1845,10.0,4.0,184,22
1846,1.0,4.0,136,62
1847,10.0,4.0,154,62
1848,10.0,4.0,184,62
1849,1.0,4.0,136,30
1850,10.0,4.0,154,30
1851,10.0,4.0,184,30
1852,1.0,4.0,136,71
1853,10.0,4.0,154,71
1854,10.0,4.0,184,71
1855,1.0,4.0,136,61
1856,10.0,4.0,154,61
1857,10.0,4.0,184,61
1858,1.0,4.0,136,13
1859,10.0,4.0,154,13
1860,10.0,4.0,184,13
1861,1.0,4.0,136,22
1862,10.0,4.0,154,22
1863,10.0,4.0,184,22
1864,1.0,4.0,136,62
1865,10.0,4.0,154,62
1866,10.0,4.0,184,62
1867,1.0,4.0,136,30
1868,10.0,4.0,154,30
1869,10.0,4.0,184,30
1870,16.0,4.0,135,40
1871,12.0,4.0,103,40
1872,3.0,4.0,103,40
1873,3.0,4.0,193,40
1874,3.0,4.0,194,40
1875,3.0,4.0,102,40
1876,3.0,4.0,267,40
1877,3.0,4.0,364,40
1878,3.0,4.0,54,40
1879,3.0,4.0,72,40
1880,16.0,4.0,135,61
1881,12.0,4.0,103,61
1882,3.0,4.0,103,61
1883,3.0,4.0,193,61
1884,3.0,4.0,194,61
1885,3.0,4.0,102,61
1886,3.0,4.0,267,61
1887,3.0,4.0,364,61
1888,3.0,4.0,54,61
1889,3.0,4.0,72,61
1890,16.0,4.0,135,22
1891,12.0,4.0,103,22
1892,3.0,4.0,103,22
1893,3.0,4.0,193,22
1894,3.0,4.0,194,22
1895,3.0,4.0,102,22
1896,3.0,4.0,267,22
1897,3.0,4.0,364,22
1898,3.0,4.0,54,22
1899,3.0,4.0,72,22
1900,16.0,4.0,135,87
1901,12.0,4.0,103,87
1902,3.0,4.0,103,87
1903,3.0,4.0,193,87
1904,3.0,4.0,194,87
1905,3.0,4.0,102,87
1906,3.0,4.0,267,87
1907,3.0,4.0,364,87
1908,3.0,4.0,54,87
1909,3.0,4.0,72,87
1910,3.0,4.0,282,61
1911,3.0,4.0,282,22
1912,3.0,4.0,384,71
1913,3.0,4.0,384,18
1914,3.0,4.0,384,71
1915,3.0,4.0,384,18
1916,3.0,4.0,303,20
1917,3.0,4.0,303,20
1918,6.0,4.0,398,46
1919,6.0,4.0,398,46
1920,6.0,4.0,398,46
1921,20.0,4.0,16,38
1922,20.0,4.0,327,38
1923,20.0,4.0,16,6
1924,20.0,4.0,327,6
1925,20.0,4.0,16,60
1926,20.0,4.0,327,60
1927,20.0,4.0,16,7
1928,20.0,4.0,327,7
1929,3.0,4.0,46,61
1930,3.0,4.0,362,73
1931,3.0,4.0,118,73
1932,3.0,4.0,341,73
1933,23.0,4.0,164,73
1934,23.0,4.0,340,73
1935,3.0,4.0,362,72
1936,3.0,4.0,118,72
1937,3.0,4.0,341,72
1938,23.0,4.0,164,72
1939,23.0,4.0,340,72
1940,3.0,4.0,362,73
1941,3.0,4.0,118,73
1942,3.0,4.0,341,73
1943,23.0,4.0,164,73
1944,23.0,4.0,340,73
1945,3.0,4.0,362,72
1946,3.0,4.0,118,72
1947,3.0,4.0,341,72
1948,23.0,4.0,164,72
1949,23.0,4.0,340,72
1950,26.0,4.0,387,61
1951,26.0,4.0,387,13
1952,26.0,4.0,387,82
1953,14.0,4.0,165,61
1954,14.0,4.0,165,61
1955,14.0,4.0,165,22
1956,14.0,4.0,165,22
1957,14.0,4.0,165,62
1958,14.0,4.0,165,62
1959,3.0,4.0,314,2
1960,3.0,4.0,62,2
1961,3.0,4.0,134,2
1962,3.0,4.0,314,2
1963,3.0,4.0,159,61
1964,3.0,4.0,144,61
1965,3.0,4.0,289,61
1966,3.0,4.0,339,13
1967,3.0,4.0,275,13
1968,3.0,4.0,206,13
1969,3.0,4.0,67,13
1970,3.0,4.0,162,13
1971,3.0,4.0,11,61
1972,3.0,4.0,11,13
1973,3.0,4.0,11,22
1974,3.0,4.0,11,3
1975,3.0,4.0,11,61
1976,3.0,4.0,11,13
1977,3.0,4.0,11,22
1978,3.0,4.0,11,3
1979,3.0,4.0,205,13
1980,3.0,4.0,335,13
1981,3.0,4.0,330,13
1982,3.0,4.0,3,13
1983,3.0,4.0,172,13
1984,3.0,4.0,298,13
1985,3.0,4.0,192,13
1986,3.0,4.0,205,13
1987,3.0,4.0,335,13
1988,3.0,4.0,330,13
1989,3.0,4.0,3,13
1990,3.0,4.0,172,13
1991,3.0,4.0,298,13
1992,3.0,4.0,192,13
1993,7.0,4.0,209,61
1994,3.0,4.0,259,61
1995,7.0,4.0,209,22
1996,3.0,4.0,259,22
1997,7.0,4.0,209,62
1998,3.0,4.0,259,62
1999,3.0,4.0,9,61
2000,3.0,4.0,9,34
2001,3.0,4.0,9,53
2002,3.0,4.0,9,2
2003,3.0,4.0,56,71
2004,18.0,4.0,319,71
2005,18.0,4.0,322,71
2006,3.0,4.0,141,71
2007,3.0,4.0,56,29
2008,18.0,4.0,319,29
2009,18.0,4.0,322,29
2010,3.0,4.0,141,29
2011,3.0,4.0,56,61
2012,18.0,4.0,319,61
2013,18.0,4.0,322,61
2014,3.0,4.0,141,61
2015,3.0,4.0,56,13
2016,18.0,4.0,319,13
2017,18.0,4.0,322,13
2018,3.0,4.0,141,13
2019,3.0,4.0,56,22
2020,18.0,4.0,319,22
2021,18.0,4.0,322,22
2022,3.0,4.0,141,22
2023,3.0,4.0,56,62
2024,18.0,4.0,319,62
2025,18.0,4.0,322,62
2026,3.0,4.0,141,62
2027,3.0,4.0,282,61
2028,3.0,4.0,282,22
2029,3.0,4.0,228,61
2030,3.0,4.0,228,13
2031,3.0,4.0,228,22
2032,3.0,4.0,228,1
2033,3.0,4.0,228,9
2034,3.0,4.0,232,61
2035,3.0,4.0,8,61
2036,7.0,4.0,253,61
2037,7.0,4.0,266,61
2038,7.0,4.0,380,61
2039,3.0,4.0,232,54
2040,3.0,4.0,8,54
2041,7.0,4.0,253,54
2042,7.0,4.0,266,54
2043,7.0,4.0,380,54
2044,3.0,4.0,232,0
2045,3.0,4.0,8,0
2046,7.0,4.0,253,0
2047,7.0,4.0,266,0
2048,7.0,4.0,380,0
2049,3.0,4.0,232,19
2050,3.0,4.0,8,19
2051,7.0,4.0,253,19
2052,7.0,4.0,266,19
2053,7.0,4.0,380,19
2054,3.0,4.0,232,51
2055,3.0,4.0,8,51
2056,7.0,4.0,253,51
2057,7.0,4.0,266,51
2058,7.0,4.0,380,51
2059,3.0,4.0,263,61
2060,3.0,4.0,23,61
2061,27.0,4.0,15,61
2062,3.0,4.0,28,61
2063,3.0,4.0,263,61
2064,3.0,4.0,23,61
2065,27.0,4.0,15,61
2066,3.0,4.0,28,61
2067,3.0,4.0,140,61
2068,3.0,4.0,299,61
2069,3.0,4.0,337,61
2070,3.0,4.0,140,78
2071,3.0,4.0,299,78
2072,3.0,4.0,337,78
2073,3.0,4.0,140,85
2074,3.0,4.0,299,85
2075,3.0,4.0,337,85
2076,3.0,4.0,140,80
2077,3.0,4.0,299,80
2078,3.0,4.0,337,80
2079,3.0,4.0,140,96
2080,3.0,4.0,299,96
2081,3.0,4.0,337,96
2082,3.0,4.0,140,61
2083,3.0,4.0,299,61
2084,3.0,4.0,337,61
2085,3.0,4.0,140,78
2086,3.0,4.0,299,78
2087,3.0,4.0,337,78
2088,3.0,4.0,140,85
2089,3.0,4.0,299,85
2090,3.0,4.0,337,85
2091,3.0,4.0,140,80
2092,3.0,4.0,299,80
2093,3.0,4.0,337,80
2094,3.0,4.0,140,96
2095,3.0,4.0,299,96
2096,3.0,4.0,337,96
2097,3.0,4.0,371,61
2098,3.0,4.0,370,61
2099,3.0,4.0,128,61
2100,3.0,4.0,311,71
2101,3.0,4.0,311,40
2102,3.0,4.0,311,11
2103,3.0,4.0,311,61
2104,3.0,4.0,311,22
2105,3.0,4.0,311,62
2106,3.0,4.0,130,22
2107,15.0,4.0,71,22
2108,3.0,4.0,65,40
2109,3.0,4.0,239,40
2110,3.0,4.0,210,40
2111,3.0,4.0,194,40
2112,3.0,4.0,354,40
2113,3.0,4.0,10,40
2114,1.0,4.0,181,40
2115,3.0,4.0,57,40
2116,3.0,4.0,65,61
2117,3.0,4.0,239,61
2118,3.0,4.0,210,61
2119,3.0,4.0,194,61
2120,3.0,4.0,354,61
2121,3.0,4.0,10,61
2122,1.0,4.0,181,61
2123,3.0,4.0,57,61
2124,3.0,4.0,65,22
2125,3.0,4.0,239,22
2126,3.0,4.0,210,22
2127,3.0,4.0,194,22
2128,3.0,4.0,354,22
2129,3.0,4.0,10,22
2130,1.0,4.0,181,22
2131,3.0,4.0,57,22
2132,3.0,4.0,65,2
2133,3.0,4.0,239,2
2134,3.0,4.0,210,2
2135,3.0,4.0,194,2
2136,3.0,4.0,354,2
2137,3.0,4.0,10,2
2138,1.0,4.0,181,2
2139,3.0,4.0,57,2
2140,3.0,4.0,65,33
2141,3.0,4.0,239,33
2142,3.0,4.0,210,33
2143,3.0,4.0,194,33
2144,3.0,4.0,354,33
2145,3.0,4.0,10,33
2146,1.0,4.0,181,33
2147,3.0,4.0,57,33
2148,3.0,4.0,65,48
2149,3.0,4.0,239,48
2150,3.0,4.0,210,48
2151,3.0,4.0,194,48
2152,3.0,4.0,354,48
2153,3.0,4.0,10,48
2154,1.0,4.0,181,48
2155,3.0,4.0,57,48
2156,3.0,4.0,397,61
2157,3.0,4.0,32,61
2158,3.0,4.0,397,13
2159,3.0,4.0,32,13
2160,3.0,4.0,397,22
2161,3.0,4.0,32,22
2162,3.0,4.0,397,62
2163,3.0,4.0,32,62
2164,3.0,4.0,46,61
2165,1.0,4.0,158,61
2166,23.0,4.0,120,61
2167,3.0,4.0,89,61
2168,3.0,4.0,74,61
2169,3.0,4.0,99,61
2170,3.0,4.0,195,61
2171,1.0,4.0,158,2
2172,23.0,4.0,120,2
2173,3.0,4.0,89,2
2174,3.0,4.0,74,2
2175,3.0,4.0,99,2
2176,3.0,4.0,195,2
2177,1.0,4.0,158,61
2178,23.0,4.0,120,61
2179,3.0,4.0,89,61
2180,3.0,4.0,74,61
2181,3.0,4.0,99,61
2182,3.0,4.0,195,61
2183,1.0,4.0,158,2
2184,23.0,4.0,120,2
2185,3.0,4.0,89,2
2186,3.0,4.0,74,2
2187,3.0,4.0,99,2
2188,3.0,4.0,195,2
2189,1.0,4.0,158,61
2190,23.0,4.0,120,61
2191,3.0,4.0,89,61
2192,3.0,4.0,74,61
2193,3.0,4.0,99,61
2194,3.0,4.0,195,61
2195,1.0,4.0,158,2
2196,23.0,4.0,120,2
2197,3.0,4.0,89,2
2198,3.0,4.0,74,2
2199,3.0,4.0,99,2
2200,3.0,4.0,195,2
2201,3.0,4.0,234,61
2202,3.0,4.0,344,61
2203,3.0,4.0,344,61
2204,3.0,4.0,234,22
2205,3.0,4.0,344,22
2206,3.0,4.0,344,22
2207,3.0,4.0,234,2
2208,3.0,4.0,344,2
2209,3.0,4.0,344,2
2210,3.0,4.0,234,39
2211,3.0,4.0,344,39
2212,3.0,4.0,344,39
2213,3.0,4.0,47,40
2214,3.0,4.0,47,61
2215,3.0,4.0,47,22
2216,3.0,4.0,47,40
2217,3.0,4.0,47,61
2218,3.0,4.0,47,22
2219,3.0,4.0,47,40
2220,3.0,4.0,47,61
2221,3.0,4.0,47,22
2222,3.0,4.0,47,40
2223,3.0,4.0,47,61
2224,3.0,4.0,47,22
2225,3.0,4.0,254,11
2226,3.0,4.0,84,11
2227,3.0,4.0,254,61
2228,3.0,4.0,84,61
2229,3.0,4.0,254,22
2230,3.0,4.0,84,22
2231,3.0,4.0,254,56
2232,3.0,4.0,84,56
2233,3.0,4.0,254,2
2234,3.0,4.0,84,2
2235,3.0,4.0,254,26
2236,3.0,4.0,84,26
2237,3.0,4.0,299,40
2238,22.0,4.0,328,40
2239,22.0,4.0,1,40
2240,22.0,4.0,131,40
2241,3.0,4.0,299,61
2242,22.0,4.0,328,61
2243,22.0,4.0,1,61
2244,22.0,4.0,131,61
2245,3.0,4.0,299,22
2246,22.0,4.0,328,22
2247,22.0,4.0,1,22
2248,22.0,4.0,131,22
2249,3.0,4.0,9,2
2250,3.0,4.0,285,2
2251,23.0,4.0,191,2
2252,23.0,4.0,180,2
2253,3.0,4.0,9,2
2254,3.0,4.0,285,2
2255,23.0,4.0,191,2
2256,23.0,4.0,180,2
2257,3.0,4.0,9,2
2258,3.0,4.0,285,2
2259,23.0,4.0,191,2
2260,23.0,4.0,180,2
2261,3.0,4.0,123,61
2262,3.0,4.0,123,61
2263,3.0,4.0,203,61
2264,3.0,4.0,123,22
2265,3.0,4.0,123,22
2266,3.0,4.0,203,22
2267,3.0,4.0,123,90
2268,3.0,4.0,123,90
2269,3.0,4.0,203,90
2270,3.0,4.0,123,79
2271,3.0,4.0,123,79
2272,3.0,4.0,203,79
2273,3.0,4.0,123,91
2274,3.0,4.0,123,91
2275,3.0,4.0,203,91
2276,3.0,4.0,123,96
2277,3.0,4.0,123,96
2278,3.0,4.0,203,96
2279,3.0,4.0,123,61
2280,3.0,4.0,299,61
2281,3.0,4.0,123,13
2282,3.0,4.0,299,13
2283,3.0,4.0,123,61
2284,3.0,4.0,299,61
2285,3.0,4.0,123,13
2286,3.0,4.0,299,13
2287,3.0,4.0,123,61
2288,3.0,4.0,299,61
2289,3.0,4.0,123,13
2290,3.0,4.0,299,13
2291,3.0,4.0,123,61
2292,3.0,4.0,299,61
2293,3.0,4.0,123,13
2294,3.0,4.0,299,13
2295,3.0,4.0,123,61
2296,3.0,4.0,299,61
2297,3.0,4.0,123,13
2298,3.0,4.0,299,13
2299,3.0,4.0,123,61
2300,3.0,4.0,299,61
2301,3.0,4.0,123,13
2302,3.0,4.0,299,13
2303,3.0,4.0,123,61
2304,3.0,4.0,299,61
2305,3.0,4.0,123,13
2306,3.0,4.0,299,13
2307,3.0,4.0,123,61
2308,3.0,4.0,299,61
2309,3.0,4.0,123,13
2310,3.0,4.0,299,13
2311,3.0,4.0,362,73
2312,3.0,4.0,118,73
2313,3.0,4.0,341,73
2314,23.0,4.0,164,73
2315,23.0,4.0,340,73
2316,3.0,4.0,362,72
2317,3.0,4.0,118,72
2318,3.0,4.0,341,72
2319,23.0,4.0,164,72
2320,23.0,4.0,340,72
2321,16.0,4.0,135,40
2322,12.0,4.0,103,40
2323,3.0,4.0,103,40
2324,3.0,4.0,193,40
2325,3.0,4.0,194,40
2326,3.0,4.0,102,40
2327,3.0,4.0,267,40
2328,3.0,4.0,364,40
2329,3.0,4.0,54,40
2330,3.0,4.0,72,40
2331,16.0,4.0,135,61
2332,12.0,4.0,103,61
2333,3.0,4.0,103,61
2334,3.0,4.0,193,61
2335,3.0,4.0,194,61
2336,3.0,4.0,102,61
2337,3.0,4.0,267,61
2338,3.0,4.0,364,61
2339,3.0,4.0,54,61
2340,3.0,4.0,72,61
2341,16.0,4.0,135,22
2342,12.0,4.0,103,22
2343,3.0,4.0,103,22
2344,3.0,4.0,193,22
2345,3.0,4.0,194,22
2346,3.0,4.0,102,22
2347,3.0,4.0,267,22
2348,3.0,4.0,364,22
2349,3.0,4.0,54,22
2350,3.0,4.0,72,22
2351,16.0,4.0,135,87
2352,12.0,4.0,103,87
2353,3.0,4.0,103,87
2354,3.0,4.0,193,87
2355,3.0,4.0,194,87
2356,3.0,4.0,102,87
2357,3.0,4.0,267,87
2358,3.0,4.0,364,87
2359,3.0,4.0,54,87
2360,3.0,4.0,72,87
2361,3.0,4.0,222,61
2362,3.0,4.0,222,22
2363,3.0,4.0,96,61
2364,3.0,4.0,96,22
2365,3.0,4.0,96,2
2366,3.0,4.0,356,61
2367,3.0,4.0,367,61
2368,3.0,4.0,378,61
2369,3.0,4.0,152,61
2370,3.0,4.0,356,22
2371,3.0,4.0,367,22
2372,3.0,4.0,378,22
2373,3.0,4.0,152,22
2374,3.0,4.0,356,62
2375,3.0,4.0,367,62
2376,3.0,4.0,378,62
2377,3.0,4.0,152,62
2378,3.0,4.0,356,61
2379,3.0,4.0,367,61
2380,3.0,4.0,378,61
2381,3.0,4.0,152,61
2382,3.0,4.0,356,22
2383,3.0,4.0,367,22
2384,3.0,4.0,378,22
2385,3.0,4.0,152,22
2386,3.0,4.0,356,62
2387,3.0,4.0,367,62
2388,3.0,4.0,378,62
2389,3.0,4.0,152,62
2390,3.0,4.0,220,61
2391,3.0,4.0,51,61
2392,3.0,4.0,300,61
2393,3.0,4.0,345,61
2394,3.0,4.0,220,13
2395,3.0,4.0,51,13
2396,3.0,4.0,300,13
2397,3.0,4.0,345,13
2398,3.0,4.0,220,22
2399,3.0,4.0,51,22
2400,3.0,4.0,300,22
2401,3.0,4.0,345,22
2402,3.0,4.0,228,71
2403,3.0,4.0,230,71
2404,3.0,4.0,33,71
2405,3.0,4.0,299,71
2406,3.0,4.0,224,71
2407,3.0,4.0,359,71
2408,3.0,4.0,228,40
2409,3.0,4.0,230,40
2410,3.0,4.0,33,40
2411,3.0,4.0,299,40
2412,3.0,4.0,224,40
2413,3.0,4.0,359,40
2414,3.0,4.0,228,10
2415,3.0,4.0,230,10
2416,3.0,4.0,33,10
2417,3.0,4.0,299,10
2418,3.0,4.0,224,10
2419,3.0,4.0,359,10
2420,3.0,4.0,228,61
2421,3.0,4.0,230,61
2422,3.0,4.0,33,61
2423,3.0,4.0,299,61
2424,3.0,4.0,224,61
2425,3.0,4.0,359,61
2426,3.0,4.0,228,13
2427,3.0,4.0,230,13
2428,3.0,4.0,33,13
2429,3.0,4.0,299,13
2430,3.0,4.0,224,13
2431,3.0,4.0,359,13
2432,3.0,4.0,228,22
2433,3.0,4.0,230,22
2434,3.0,4.0,33,22
2435,3.0,4.0,299,22
2436,3.0,4.0,224,22
2437,3.0,4.0,359,22
2438,3.0,4.0,229,61
2439,3.0,4.0,229,22
2440,3.0,4.0,386,61
2441,3.0,4.0,6,61
2442,1.0,4.0,136,71
2443,10.0,4.0,154,71
2444,10.0,4.0,184,71
2445,1.0,4.0,136,61
2446,10.0,4.0,154,61
2447,10.0,4.0,184,61
2448,1.0,4.0,136,13
2449,10.0,4.0,154,13
2450,10.0,4.0,184,13
2451,1.0,4.0,136,22
2452,10.0,4.0,154,22
2453,10.0,4.0,184,22
2454,1.0,4.0,136,62
2455,10.0,4.0,154,62
2456,10.0,4.0,184,62
2457,1.0,4.0,136,30
2458,10.0,4.0,154,30
2459,10.0,4.0,184,30
2460,3.0,4.0,379,71
2461,3.0,4.0,240,71
2462,5.0,4.0,336,71
2463,3.0,4.0,379,40
2464,3.0,4.0,240,40
2465,5.0,4.0,336,40
2466,3.0,4.0,379,61
2467,3.0,4.0,240,61
2468,5.0,4.0,336,61
2469,3.0,4.0,379,22
2470,3.0,4.0,240,22
2471,5.0,4.0,336,22
2472,3.0,4.0,331,61
2473,3.0,4.0,331,13
2474,3.0,4.0,331,22
2475,3.0,4.0,331,62
2476,3.0,4.0,331,61
2477,3.0,4.0,331,13
2478,3.0,4.0,331,22
2479,3.0,4.0,331,62
2480,3.0,4.0,284,61
2481,3.0,4.0,284,22
2482,3.0,4.0,279,22
2483,3.0,4.0,37,22
2484,3.0,4.0,306,22
2485,3.0,4.0,299,22
2486,3.0,4.0,176,22
2487,3.0,4.0,264,61
2488,9.0,4.0,179,61
2489,9.0,4.0,20,61
2490,3.0,4.0,264,8
2491,9.0,4.0,179,8
2492,9.0,4.0,20,8
2493,3.0,4.0,264,61
2494,9.0,4.0,179,61
2495,9.0,4.0,20,61
2496,3.0,4.0,264,8
2497,9.0,4.0,179,8
2498,9.0,4.0,20,8
2499,3.0,4.0,264,61
2500,9.0,4.0,179,61
2501,9.0,4.0,20,61
2502,3.0,4.0,264,8
2503,9.0,4.0,179,8
2504,9.0,4.0,20,8
2505,3.0,4.0,242,14
2506,3.0,4.0,241,14
2507,3.0,4.0,353,14
2508,3.0,4.0,243,14
2509,3.0,4.0,242,14
2510,3.0,4.0,241,14
2511,3.0,4.0,353,14
2512,3.0,4.0,243,14
2513,3.0,4.0,31,61
2514,3.0,4.0,296,61
2515,3.0,4.0,100,61
2516,3.0,4.0,251,61
2517,3.0,4.0,31,13
2518,3.0,4.0,296,13
2519,3.0,4.0,100,13
2520,3.0,4.0,251,13
2521,3.0,4.0,31,4
2522,3.0,4.0,296,4
2523,3.0,4.0,100,4
2524,3.0,4.0,251,4
2525,3.0,4.0,31,43
2526,3.0,4.0,296,43
2527,3.0,4.0,100,43
2528,3.0,4.0,251,43
2529,3.0,4.0,31,12
2530,3.0,4.0,296,12
2531,3.0,4.0,100,12
2532,3.0,4.0,251,12
2533,3.0,4.0,337,61
2534,3.0,4.0,301,61
2535,3.0,4.0,17,61
2536,3.0,4.0,337,22
2537,3.0,4.0,301,22
2538,3.0,4.0,17,22
2539,3.0,4.0,383,13
2540,3.0,4.0,45,13
2541,3.0,4.0,383,22
2542,3.0,4.0,45,22
2543,3.0,4.0,383,78
2544,3.0,4.0,45,78
2545,3.0,4.0,36,11
2546,3.0,4.0,36,61
2547,3.0,4.0,36,13
2548,3.0,4.0,351,61
2549,3.0,4.0,303,20
2550,3.0,4.0,303,20
2551,3.0,4.0,303,20
2552,1.0,1.0,136,71
2553,10.0,1.0,154,71
2554,10.0,1.0,184,71
2555,1.0,1.0,136,61
2556,10.0,1.0,154,61
2557,10.0,1.0,184,61
2558,1.0,1.0,136,13
2559,10.0,1.0,154,13
2560,10.0,1.0,184,13
2561,1.0,1.0,136,22
2562,10.0,1.0,154,22
2563,10.0,1.0,184,22
2564,1.0,1.0,136,62
2565,10.0,1.0,154,62
2566,10.0,1.0,184,62
2567,1.0,1.0,136,30
2568,10.0,1.0,154,30
2569,10.0,1.0,184,30
2570,3.0,1.0,242,14
2571,3.0,1.0,241,14
2572,3.0,1.0,353,14
2573,3.0,1.0,243,14
2574,3.0,1.0,242,14
2575,3.0,1.0,241,14
2576,3.0,1.0,353,14
2577,3.0,1.0,243,14
2578,3.0,1.0,242,14
2579,3.0,1.0,241,14
2580,3.0,1.0,353,14
2581,3.0,1.0,243,14
2582,3.0,1.0,242,14
2583,3.0,1.0,241,14
2584,3.0,1.0,353,14
2585,3.0,1.0,243,14
2586,3.0,1.0,242,14
2587,3.0,1.0,241,14
2588,3.0,1.0,353,14
2589,3.0,1.0,243,14
2590,3.0,1.0,242,14
2591,3.0,1.0,241,14
2592,3.0,1.0,353,14
2593,3.0,1.0,243,14
2594,3.0,1.0,127,35
2595,3.0,1.0,127,35
2596,3.0,1.0,127,35
2597,3.0,1.0,127,35
2598,3.0,1.0,127,35
2599,3.0,1.0,127,35
2600,3.0,1.0,127,35
2601,3.0,1.0,127,35
2602,3.0,1.0,127,35
2603,3.0,1.0,127,35
2604,3.0,1.0,127,35
2605,3.0,1.0,127,35
2606,3.0,1.0,127,35
2607,3.0,1.0,127,35
2608,3.0,1.0,127,35
2609,3.0,1.0,127,35
2610,3.0,1.0,127,35
2611,3.0,1.0,127,35
2612,3.0,1.0,127,35
2613,3.0,1.0,127,35
2614,3.0,1.0,257,57
2615,3.0,1.0,60,17
2616,3.0,1.0,60,17
2617,3.0,1.0,36,11
2618,3.0,1.0,36,61
2619,3.0,1.0,36,13
2620,3.0,1.0,388,22
2621,3.0,1.0,388,22
2622,3.0,1.0,388,22
2623,3.0,0.0,362,73
2624,3.0,0.0,118,73
2625,3.0,0.0,341,73
2626,23.0,0.0,164,73
2627,23.0,0.0,340,73
2628,3.0,0.0,362,72
2629,3.0,0.0,118,72
2630,3.0,0.0,341,72
2631,23.0,0.0,164,72
2632,23.0,0.0,340,72
2633,3.0,0.0,362,73
2634,3.0,0.0,118,73
2635,3.0,0.0,341,73
2636,23.0,0.0,164,73
2637,23.0,0.0,340,73
2638,3.0,0.0,362,72
2639,3.0,0.0,118,72
2640,3.0,0.0,341,72
2641,23.0,0.0,164,72
2642,23.0,0.0,340,72
2643,20.0,1.0,43,71
2644,20.0,1.0,382,71
2645,20.0,1.0,43,10
2646,20.0,1.0,382,10
2647,20.0,1.0,43,29
2648,20.0,1.0,382,29
2649,20.0,1.0,43,61
2650,20.0,1.0,382,61
2651,20.0,1.0,43,13
2652,20.0,1.0,382,13
2653,20.0,1.0,43,22
2654,20.0,1.0,382,22
2655,20.0,1.0,43,2
2656,20.0,1.0,382,2
2657,20.0,1.0,43,8
2658,20.0,1.0,382,8
2659,20.0,1.0,43,52
2660,20.0,1.0,382,52
2661,20.0,1.0,313,61
2662,20.0,1.0,233,61
2663,20.0,1.0,352,61
2664,20.0,1.0,313,13
2665,20.0,1.0,233,13
2666,20.0,1.0,352,13
2667,20.0,1.0,313,22
2668,20.0,1.0,233,22
2669,20.0,1.0,352,22
2670,20.0,1.0,313,62
2671,20.0,1.0,233,62
2672,20.0,1.0,352,62
2673,20.0,1.0,9,61
2674,20.0,1.0,78,61
2675,20.0,1.0,249,61
2676,20.0,1.0,9,13
2677,20.0,1.0,78,13
2678,20.0,1.0,249,13
2679,20.0,1.0,9,22
2680,20.0,1.0,78,22
2681,20.0,1.0,249,22
2682,20.0,1.0,9,61
2683,20.0,1.0,78,61
2684,20.0,1.0,249,61
2685,20.0,1.0,9,13
2686,20.0,1.0,78,13
2687,20.0,1.0,249,13
2688,20.0,1.0,9,22
2689,20.0,1.0,78,22
2690,20.0,1.0,249,22
2691,20.0,1.0,326,71
2692,20.0,1.0,326,40
2693,20.0,1.0,326,61
2694,20.0,1.0,326,13
2695,19.0,1.0,271,61
2696,20.0,1.0,180,61
2697,20.0,1.0,180,13
2698,20.0,1.0,180,22
2699,20.0,1.0,204,61
2700,20.0,1.0,143,61
2701,20.0,1.0,17,61
2702,20.0,1.0,204,13
2703,20.0,1.0,143,13
2704,20.0,1.0,17,13
2705,20.0,1.0,204,22
2706,20.0,1.0,143,22
2707,20.0,1.0,17,22
2708,20.0,1.0,204,62
2709,20.0,1.0,143,62
2710,20.0,1.0,17,62
2711,20.0,1.0,235,61
2712,20.0,1.0,82,61
2713,20.0,1.0,308,61
2714,20.0,1.0,235,22
2715,20.0,1.0,82,22
2716,20.0,1.0,308,22
2717,20.0,1.0,261,61
2718,20.0,1.0,260,61
2719,20.0,1.0,12,61
2720,20.0,1.0,261,58
2721,20.0,1.0,260,58
2722,20.0,1.0,12,58
2723,20.0,1.0,261,61
2724,20.0,1.0,260,61
2725,20.0,1.0,12,61
2726,20.0,1.0,261,58
2727,20.0,1.0,260,58
2728,20.0,1.0,12,58
2729,20.0,1.0,261,61
2730,20.0,1.0,260,61
2731,20.0,1.0,12,61
2732,20.0,1.0,261,58
2733,20.0,1.0,260,58
2734,20.0,1.0,12,58
2735,23.0,1.0,170,61
2736,20.0,1.0,30,61
2737,23.0,1.0,42,61
2738,23.0,1.0,170,22
2739,20.0,1.0,30,22
2740,23.0,1.0,42,22
2741,23.0,1.0,170,62
2742,20.0,1.0,30,62
2743,23.0,1.0,42,62
2744,23.0,1.0,170,2
2745,20.0,1.0,30,2
2746,23.0,1.0,42,2
2747,23.0,1.0,170,41
2748,20.0,1.0,30,41
2749,23.0,1.0,42,41
2750,13.0,1.0,149,71
2751,13.0,1.0,225,71
2752,13.0,1.0,149,40
2753,13.0,1.0,225,40
2754,13.0,1.0,149,10
2755,13.0,1.0,225,10
2756,13.0,1.0,149,61
2757,13.0,1.0,225,61
2758,20.0,1.0,196,61
2759,20.0,1.0,196,13
2760,20.0,1.0,196,22
2761,20.0,1.0,196,62
2762,20.0,1.0,196,81
2763,20.0,1.0,246,61
2764,20.0,1.0,64,61
2765,20.0,1.0,0,61
2766,23.0,1.0,355,61
2767,23.0,1.0,203,61
2768,20.0,1.0,211,61
2769,20.0,1.0,405,61
2770,20.0,1.0,211,22
2771,20.0,1.0,405,22
2772,19.0,1.0,109,61
2773,20.0,1.0,294,40
2774,20.0,1.0,294,61
2775,20.0,1.0,294,22
2776,20.0,1.0,124,61
2777,20.0,1.0,124,13
2778,20.0,1.0,278,61
2779,20.0,1.0,5,61
2780,20.0,1.0,372,61
2781,18.0,1.0,146,61
2782,18.0,1.0,114,61
2783,18.0,1.0,146,13
2784,18.0,1.0,114,13
2785,18.0,1.0,146,22
2786,18.0,1.0,114,22
2787,18.0,1.0,146,8
2788,18.0,1.0,114,8
2789,20.0,1.0,307,61
2790,20.0,1.0,307,13
2791,20.0,1.0,307,22
2792,20.0,1.0,307,62
2793,20.0,1.0,307,61
2794,20.0,1.0,307,13
2795,20.0,1.0,307,22
2796,20.0,1.0,307,62
2797,20.0,1.0,307,61
2798,20.0,1.0,307,13
2799,20.0,1.0,307,22
2800,20.0,1.0,307,62
2801,20.0,1.0,307,61
2802,20.0,1.0,307,13
2803,20.0,1.0,307,22
2804,20.0,1.0,307,62
2805,20.0,1.0,2,61
2806,20.0,1.0,2,61
2807,20.0,1.0,2,13
2808,20.0,1.0,2,13
2809,20.0,1.0,2,22
2810,20.0,1.0,2,22
2811,20.0,1.0,2,53
2812,20.0,1.0,2,53
2813,20.0,1.0,2,31
2814,20.0,1.0,2,31
2815,13.0,1.0,79,71
2816,13.0,1.0,46,71
2817,13.0,1.0,79,40
2818,13.0,1.0,46,40
2819,13.0,1.0,79,11
2820,13.0,1.0,46,11
2821,13.0,1.0,79,61
2822,13.0,1.0,46,61
2823,13.0,1.0,79,13
2824,13.0,1.0,46,13
2825,13.0,1.0,79,22
2826,13.0,1.0,46,22
2827,13.0,1.0,79,2
2828,13.0,1.0,46,2
2829,20.0,1.0,226,71
2830,20.0,1.0,212,71
2831,20.0,1.0,281,71
2832,20.0,1.0,53,71
2833,20.0,1.0,226,40
2834,20.0,1.0,212,40
2835,20.0,1.0,281,40
2836,20.0,1.0,53,40
2837,20.0,1.0,226,46
2838,20.0,1.0,212,46
2839,20.0,1.0,281,46
2840,20.0,1.0,53,46
2841,20.0,1.0,226,61
2842,20.0,1.0,212,61
2843,20.0,1.0,281,61
2844,20.0,1.0,53,61
2845,20.0,1.0,226,13
2846,20.0,1.0,212,13
2847,20.0,1.0,281,13
2848,20.0,1.0,53,13
2849,20.0,1.0,226,22
2850,20.0,1.0,212,22
2851,20.0,1.0,281,22
2852,20.0,1.0,53,22
2853,20.0,1.0,237,13
2854,20.0,1.0,9,13
2855,19.0,1.0,98,13
2856,23.0,1.0,174,13
2857,20.0,1.0,237,0
2858,20.0,1.0,9,0
2859,19.0,1.0,98,0
2860,23.0,1.0,174,0
2861,20.0,1.0,237,55
2862,20.0,1.0,9,55
2863,19.0,1.0,98,55
2864,23.0,1.0,174,55
2865,20.0,1.0,237,49
2866,20.0,1.0,9,49
2867,19.0,1.0,98,49
2868,23.0,1.0,174,49
2869,20.0,1.0,237,42
2870,20.0,1.0,9,42
2871,19.0,1.0,98,42
2872,23.0,1.0,174,42
2873,20.0,1.0,237,13
2874,20.0,1.0,9,13
2875,19.0,1.0,98,13
2876,23.0,1.0,174,13
2877,20.0,1.0,237,0
2878,20.0,1.0,9,0
2879,19.0,1.0,98,0
2880,23.0,1.0,174,0
2881,20.0,1.0,237,55
2882,20.0,1.0,9,55
2883,19.0,1.0,98,55
2884,23.0,1.0,174,55
2885,20.0,1.0,237,49
2886,20.0,1.0,9,49
2887,19.0,1.0,98,49
2888,23.0,1.0,174,49
2889,20.0,1.0,237,42
2890,20.0,1.0,9,42
2891,19.0,1.0,98,42
2892,23.0,1.0,174,42
2893,20.0,1.0,237,13
2894,20.0,1.0,9,13
2895,19.0,1.0,98,13
2896,23.0,1.0,174,13
2897,20.0,1.0,237,0
2898,20.0,1.0,9,0
2899,19.0,1.0,98,0
2900,23.0,1.0,174,0
2901,20.0,1.0,237,55
2902,20.0,1.0,9,55
2903,19.0,1.0,98,55
2904,23.0,1.0,174,55
2905,20.0,1.0,237,49
2906,20.0,1.0,9,49
2907,19.0,1.0,98,49
2908,23.0,1.0,174,49
2909,20.0,1.0,237,42
2910,20.0,1.0,9,42
2911,19.0,1.0,98,42
2912,23.0,1.0,174,42
2913,20.0,1.0,26,71
2914,20.0,1.0,26,61
2915,20.0,1.0,26,22
2916,20.0,1.0,26,96
2917,20.0,1.0,129,22
2918,23.0,1.0,381,2
2919,20.0,1.0,385,2
2920,23.0,1.0,381,56
2921,20.0,1.0,385,56
2922,23.0,1.0,381,2
2923,20.0,1.0,385,2
2924,23.0,1.0,381,56
2925,20.0,1.0,385,56
2926,23.0,1.0,381,2
2927,20.0,1.0,385,2
2928,23.0,1.0,381,56
2929,20.0,1.0,385,56
2930,20.0,1.0,44,61
2931,20.0,1.0,369,61
2932,20.0,1.0,256,61
2933,20.0,1.0,4,61
2934,9.0,1.0,58,61
2935,9.0,1.0,29,61
2936,9.0,1.0,163,61
2937,20.0,1.0,299,61
2938,20.0,1.0,369,22
2939,20.0,1.0,256,22
2940,20.0,1.0,4,22
2941,9.0,1.0,58,22
2942,9.0,1.0,29,22
2943,9.0,1.0,163,22
2944,20.0,1.0,299,22
2945,20.0,1.0,369,62
2946,20.0,1.0,256,62
2947,20.0,1.0,4,62
2948,9.0,1.0,58,62
2949,9.0,1.0,29,62
2950,9.0,1.0,163,62
2951,20.0,1.0,299,62
2952,20.0,1.0,369,63
2953,20.0,1.0,256,63
2954,20.0,1.0,4,63
2955,9.0,1.0,58,63
2956,9.0,1.0,29,63
2957,9.0,1.0,163,63
2958,20.0,1.0,299,63
2959,20.0,1.0,369,24
2960,20.0,1.0,256,24
2961,20.0,1.0,4,24
2962,9.0,1.0,58,24
2963,9.0,1.0,29,24
2964,9.0,1.0,163,24
2965,20.0,1.0,299,24
2966,20.0,1.0,369,51
2967,20.0,1.0,256,51
2968,20.0,1.0,4,51
2969,9.0,1.0,58,51
2970,9.0,1.0,29,51
2971,9.0,1.0,163,51
2972,20.0,1.0,299,51
2973,8.0,1.0,24,61
2974,8.0,1.0,61,61
2975,8.0,1.0,24,86
2976,8.0,1.0,61,86
2977,8.0,1.0,24,94
2978,8.0,1.0,61,94
2979,8.0,1.0,24,84
2980,8.0,1.0,61,84
2981,20.0,1.0,318,61
2982,20.0,1.0,227,61
2983,20.0,1.0,315,61
2984,20.0,1.0,318,61
2985,20.0,1.0,227,61
2986,20.0,1.0,315,61
2987,22.0,1.0,41,40
2988,22.0,1.0,253,40
2989,22.0,1.0,41,40
2990,22.0,1.0,41,10
2991,22.0,1.0,253,10
2992,22.0,1.0,41,10
2993,22.0,1.0,41,11
2994,22.0,1.0,253,11
2995,22.0,1.0,41,11
2996,22.0,1.0,41,61
2997,22.0,1.0,253,61
2998,22.0,1.0,41,61
2999,22.0,1.0,41,13
3000,22.0,1.0,253,13
3001,22.0,1.0,41,13
3002,22.0,1.0,41,22
3003,22.0,1.0,253,22
3004,22.0,1.0,41,22
3005,22.0,1.0,41,62
3006,22.0,1.0,253,62
3007,22.0,1.0,41,62
3008,22.0,1.0,41,40
3009,22.0,1.0,253,40
3010,22.0,1.0,41,40
3011,22.0,1.0,41,10
3012,22.0,1.0,253,10
3013,22.0,1.0,41,10
3014,22.0,1.0,41,11
3015,22.0,1.0,253,11
3016,22.0,1.0,41,11
3017,22.0,1.0,41,61
3018,22.0,1.0,253,61
3019,22.0,1.0,41,61
3020,22.0,1.0,41,13
3021,22.0,1.0,253,13
3022,22.0,1.0,41,13
3023,22.0,1.0,41,22
3024,22.0,1.0,253,22
3025,22.0,1.0,41,22
3026,22.0,1.0,41,62
3027,22.0,1.0,253,62
3028,22.0,1.0,41,62
3029,22.0,1.0,41,40
3030,22.0,1.0,253,40
3031,22.0,1.0,41,40
3032,22.0,1.0,41,10
3033,22.0,1.0,253,10
3034,22.0,1.0,41,10
3035,22.0,1.0,41,11
3036,22.0,1.0,253,11
3037,22.0,1.0,41,11
3038,22.0,1.0,41,61
3039,22.0,1.0,253,61
3040,22.0,1.0,41,61
3041,22.0,1.0,41,13
3042,22.0,1.0,253,13
3043,22.0,1.0,41,13
3044,22.0,1.0,41,22
3045,22.0,1.0,253,22
3046,22.0,1.0,41,22
3047,22.0,1.0,41,62
3048,22.0,1.0,253,62
3049,22.0,1.0,41,62
3050,20.0,1.0,228,59
3051,20.0,1.0,258,59
3052,20.0,1.0,228,59
3053,20.0,1.0,258,59
3054,20.0,1.0,343,56
3055,20.0,1.0,255,56
3056,20.0,1.0,215,56
3057,20.0,1.0,223,56
3058,20.0,1.0,73,56
3059,20.0,1.0,310,56
3060,20.0,1.0,216,56
3061,20.0,1.0,291,56
3062,20.0,1.0,343,2
3063,20.0,1.0,255,2
3064,20.0,1.0,215,2
3065,20.0,1.0,223,2
3066,20.0,1.0,73,2
3067,20.0,1.0,310,2
3068,20.0,1.0,216,2
3069,20.0,1.0,291,2
3070,5.0,1.0,287,71
3071,5.0,1.0,287,11
3072,5.0,1.0,287,61
3073,5.0,1.0,287,22
3074,5.0,1.0,287,62
3075,5.0,1.0,287,56
3076,3.0,4.0,303,20
3077,3.0,4.0,217,71
3078,3.0,4.0,217,40
3079,3.0,4.0,217,10
3080,3.0,4.0,217,29
3081,3.0,4.0,217,11
3082,3.0,4.0,217,46
3083,3.0,4.0,217,18
3084,3.0,4.0,217,61
3085,3.0,4.0,217,13
3086,3.0,4.0,217,22
3087,3.0,4.0,217,62
3088,3.0,4.0,217,71
3089,3.0,4.0,217,40
3090,3.0,4.0,217,10
3091,3.0,4.0,217,29
3092,3.0,4.0,217,11
3093,3.0,4.0,217,46
3094,3.0,4.0,217,18
3095,3.0,4.0,217,61
3096,3.0,4.0,217,13
3097,3.0,4.0,217,22
3098,3.0,4.0,217,62
3099,1.0,1.0,139,61
3100,1.0,1.0,14,61
3101,1.0,1.0,46,61
3102,1.0,1.0,40,61
3103,1.0,1.0,22,61
3104,1.0,1.0,139,22
3105,1.0,1.0,14,22
3106,1.0,1.0,46,22
3107,1.0,1.0,40,22
3108,1.0,1.0,22,22
3109,1.0,1.0,139,61
3110,1.0,1.0,14,61
3111,1.0,1.0,46,61
3112,1.0,1.0,40,61
3113,1.0,1.0,22,61
3114,1.0,1.0,139,22
3115,1.0,1.0,14,22
3116,1.0,1.0,46,22
3117,1.0,1.0,40,22
3118,1.0,1.0,22,22
3119,1.0,1.0,139,61
3120,1.0,1.0,14,61
3121,1.0,1.0,46,61
3122,1.0,1.0,40,61
3123,1.0,1.0,22,61
3124,1.0,1.0,139,22
3125,1.0,1.0,14,22
3126,1.0,1.0,46,22
3127,1.0,1.0,40,22
3128,1.0,1.0,22,22
3129,1.0,1.0,139,61
3130,1.0,1.0,14,61
3131,1.0,1.0,46,61
3132,1.0,1.0,40,61
3133,1.0,1.0,22,61
3134,1.0,1.0,139,22
3135,1.0,1.0,14,22
3136,1.0,1.0,46,22
3137,1.0,1.0,40,22
3138,1.0,1.0,22,22
3139,16.0,1.0,46,71
3140,16.0,1.0,218,71
3141,16.0,1.0,85,71
3142,16.0,1.0,46,61
3143,16.0,1.0,218,61
3144,16.0,1.0,85,61
3145,16.0,1.0,46,22
3146,16.0,1.0,218,22
3147,16.0,1.0,85,22
3148,16.0,1.0,46,62
3149,16.0,1.0,218,62
3150,16.0,1.0,85,62
3151,16.0,1.0,46,71
3152,16.0,1.0,218,71
3153,16.0,1.0,85,71
3154,16.0,1.0,46,61
3155,16.0,1.0,218,61
3156,16.0,1.0,85,61
3157,16.0,1.0,46,22
3158,16.0,1.0,218,22
3159,16.0,1.0,85,22
3160,16.0,1.0,46,62
3161,16.0,1.0,218,62
3162,16.0,1.0,85,62
3163,16.0,1.0,46,71
3164,16.0,1.0,218,71
3165,16.0,1.0,85,71
3166,16.0,1.0,46,61
3167,16.0,1.0,218,61
3168,16.0,1.0,85,61
3169,16.0,1.0,46,22
3170,16.0,1.0,218,22
3171,16.0,1.0,85,22
3172,16.0,1.0,46,62
3173,16.0,1.0,218,62
3174,16.0,1.0,85,62
3175,16.0,1.0,110,22
3176,16.0,1.0,93,22
3177,16.0,1.0,92,22
3178,16.0,1.0,171,61
3179,16.0,1.0,137,61
3180,16.0,1.0,228,61
3181,16.0,1.0,171,22
3182,16.0,1.0,137,22
3183,16.0,1.0,228,22
3184,14.0,1.0,165,61
3185,14.0,1.0,165,61
3186,14.0,1.0,165,22
3187,14.0,1.0,165,22
3188,14.0,1.0,165,62
3189,14.0,1.0,165,62
3190,14.0,1.0,165,61
3191,14.0,1.0,165,61
3192,14.0,1.0,165,22
3193,14.0,1.0,165,22
3194,14.0,1.0,165,62
3195,14.0,1.0,165,62
3196,14.0,1.0,165,61
3197,14.0,1.0,165,61
3198,14.0,1.0,165,22
3199,14.0,1.0,165,22
3200,14.0,1.0,165,62
3201,14.0,1.0,165,62
3202,16.0,1.0,93,61
3203,16.0,1.0,169,61
3204,16.0,1.0,112,61
3205,16.0,1.0,93,22
3206,16.0,1.0,169,22
3207,16.0,1.0,112,22
3208,16.0,1.0,93,62
3209,16.0,1.0,169,62
3210,16.0,1.0,112,62
3211,16.0,1.0,93,61
3212,16.0,1.0,169,61
3213,16.0,1.0,112,61
3214,16.0,1.0,93,22
3215,16.0,1.0,169,22
3216,16.0,1.0,112,22
3217,16.0,1.0,93,62
3218,16.0,1.0,169,62
3219,16.0,1.0,112,62
3220,16.0,1.0,46,61
3221,16.0,1.0,52,61
3222,16.0,1.0,46,22
3223,16.0,1.0,52,22
3224,16.0,1.0,46,62
3225,16.0,1.0,52,62
3226,16.0,1.0,46,61
3227,16.0,1.0,52,61
3228,16.0,1.0,46,22
3229,16.0,1.0,52,22
3230,16.0,1.0,46,62
3231,16.0,1.0,52,62
3232,25.0,4.0,167,71
3233,3.0,4.0,374,71
3234,25.0,4.0,167,40
3235,3.0,4.0,374,40
3236,3.0,4.0,27,71
3237,3.0,4.0,331,71
3238,3.0,4.0,166,71
3239,3.0,4.0,331,71
3240,3.0,4.0,299,40
3241,22.0,4.0,328,40
3242,22.0,4.0,1,40
3243,22.0,4.0,131,40
3244,3.0,4.0,299,61
3245,22.0,4.0,328,61
3246,22.0,4.0,1,61
3247,22.0,4.0,131,61
3248,3.0,4.0,299,22
3249,22.0,4.0,328,22
3250,22.0,4.0,1,22
3251,22.0,4.0,131,22
3252,3.0,4.0,299,40
3253,22.0,4.0,328,40
3254,22.0,4.0,1,40
3255,22.0,4.0,131,40
3256,3.0,4.0,299,61
3257,22.0,4.0,328,61
3258,22.0,4.0,1,61
3259,22.0,4.0,131,61
3260,3.0,4.0,299,22
3261,22.0,4.0,328,22
3262,22.0,4.0,1,22
3263,22.0,4.0,131,22
3264,3.0,4.0,298,71
3265,28.0,4.0,298,71
3266,28.0,4.0,298,71
3267,28.0,4.0,401,71
3268,8.0,4.0,319,71
3269,3.0,4.0,298,40
3270,28.0,4.0,298,40
3271,28.0,4.0,298,40
3272,28.0,4.0,401,40
3273,8.0,4.0,319,40
3274,3.0,4.0,298,10
3275,28.0,4.0,298,10
3276,28.0,4.0,298,10
3277,28.0,4.0,401,10
3278,8.0,4.0,319,10
3279,3.0,4.0,298,29
3280,28.0,4.0,298,29
3281,28.0,4.0,298,29
3282,28.0,4.0,401,29
3283,8.0,4.0,319,29
3284,3.0,4.0,298,11
3285,28.0,4.0,298,11
3286,28.0,4.0,298,11
3287,28.0,4.0,401,11
3288,8.0,4.0,319,11
3289,3.0,4.0,298,61
3290,28.0,4.0,298,61
3291,28.0,4.0,298,61
3292,28.0,4.0,401,61
3293,8.0,4.0,319,61
3294,3.0,4.0,298,13
3295,28.0,4.0,298,13
3296,28.0,4.0,298,13
3297,28.0,4.0,401,13
3298,8.0,4.0,319,13
3299,3.0,4.0,298,22
3300,28.0,4.0,298,22
3301,28.0,4.0,298,22
3302,28.0,4.0,401,22
3303,8.0,4.0,319,22
3304,3.0,4.0,298,62
3305,28.0,4.0,298,62
3306,28.0,4.0,298,62
3307,28.0,4.0,401,62
3308,8.0,4.0,319,62
3309,3.0,4.0,46,71
3310,3.0,4.0,282,71
3311,3.0,4.0,55,71
3312,25.0,4.0,167,71
3313,3.0,4.0,374,71
3314,25.0,4.0,167,40
3315,3.0,4.0,374,40
3316,3.0,4.0,269,71
3317,3.0,4.0,390,71
3318,3.0,4.0,269,40
3319,3.0,4.0,390,40
3320,3.0,4.0,269,11
3321,3.0,4.0,390,11
3322,3.0,4.0,27,71
3323,3.0,4.0,331,71
3324,3.0,4.0,166,71
3325,3.0,4.0,331,71
3326,3.0,4.0,299,40
3327,22.0,4.0,328,40
3328,22.0,4.0,1,40
3329,22.0,4.0,131,40
3330,3.0,4.0,299,61
3331,22.0,4.0,328,61
3332,22.0,4.0,1,61
3333,22.0,4.0,131,61
3334,3.0,4.0,299,22
3335,22.0,4.0,328,22
3336,22.0,4.0,1,22
3337,22.0,4.0,131,22
3338,3.0,4.0,331,71
3339,20.0,4.0,408,71
3340,20.0,4.0,333,71
3341,20.0,4.0,334,71
3342,20.0,4.0,331,71
3343,3.0,4.0,331,10
3344,20.0,4.0,408,10
3345,20.0,4.0,333,10
3346,20.0,4.0,334,10
3347,20.0,4.0,331,10
3348,3.0,4.0,331,11
3349,20.0,4.0,408,11
3350,20.0,4.0,333,11
3351,20.0,4.0,334,11
3352,20.0,4.0,331,11
3353,25.0,4.0,167,71
3354,3.0,4.0,374,71
3355,25.0,4.0,167,40
3356,3.0,4.0,374,40
3357,3.0,4.0,46,71
3358,3.0,4.0,282,71
3359,3.0,4.0,55,71
3360,3.0,4.0,269,71
3361,3.0,4.0,390,71
3362,3.0,4.0,269,40
3363,3.0,4.0,390,40
3364,3.0,4.0,269,11
3365,3.0,4.0,390,11
3366,3.0,4.0,269,71
3367,3.0,4.0,390,71
3368,3.0,4.0,269,40
3369,3.0,4.0,390,40
3370,3.0,4.0,269,11
3371,3.0,4.0,390,11
3372,3.0,4.0,299,40
3373,22.0,4.0,328,40
3374,22.0,4.0,1,40
3375,22.0,4.0,131,40
3376,3.0,4.0,299,61
3377,22.0,4.0,328,61
3378,22.0,4.0,1,61
3379,22.0,4.0,131,61
3380,3.0,4.0,299,22
3381,22.0,4.0,328,22
3382,22.0,4.0,1,22
3383,22.0,4.0,131,22
3384,3.0,4.0,27,71
3385,3.0,4.0,331,71
3386,3.0,4.0,166,71
3387,3.0,4.0,331,71
3388,6.0,4.0,400,100
3389,28.0,4.0,116,100
3390,12.0,4.0,413,100
3391,12.0,4.0,407,61
3392,12.0,4.0,414,61
3393,12.0,4.0,268,61
3394,28.0,4.0,375,61
3395,12.0,4.0,414,76
3396,12.0,4.0,268,76
3397,28.0,4.0,375,76
3398,12.0,4.0,414,61
3399,12.0,4.0,268,61
3400,28.0,4.0,375,61
3401,12.0,4.0,414,76
3402,12.0,4.0,268,76
3403,28.0,4.0,375,76
3404,28.0,4.0,274,61
3405,6.0,4.0,69,61
3406,28.0,4.0,153,61
3407,28.0,4.0,274,22
3408,6.0,4.0,69,22
3409,28.0,4.0,153,22
3410,28.0,4.0,274,64
3411,6.0,4.0,69,64
3412,28.0,4.0,153,64
3413,28.0,4.0,274,61
3414,6.0,4.0,69,61
3415,28.0,4.0,153,61
3416,28.0,4.0,274,22
3417,6.0,4.0,69,22
3418,28.0,4.0,153,22
3419,28.0,4.0,274,64
3420,6.0,4.0,69,64
3421,28.0,4.0,153,64
3422,12.0,4.0,94,61
3423,12.0,4.0,410,61
3424,28.0,4.0,147,61
3425,6.0,4.0,299,61
3426,12.0,4.0,94,22
3427,12.0,4.0,410,22
3428,28.0,4.0,147,22
3429,6.0,4.0,299,22
3430,12.0,4.0,94,62
3431,12.0,4.0,410,62
3432,28.0,4.0,147,62
3433,6.0,4.0,299,62
3434,6.0,4.0,325,22
3435,6.0,4.0,325,69
3436,12.0,4.0,389,61
3437,12.0,4.0,389,22
3438,12.0,4.0,389,61
3439,12.0,4.0,389,22
3440,12.0,4.0,389,61
3441,12.0,4.0,389,22
3442,6.0,4.0,399,61
3443,6.0,4.0,399,22
3444,6.0,4.0,200,29
3445,12.0,4.0,299,29
3446,6.0,4.0,83,29
3447,28.0,4.0,173,29
3448,12.0,4.0,183,29
3449,6.0,4.0,200,22
3450,12.0,4.0,299,22
3451,6.0,4.0,83,22
3452,28.0,4.0,173,22
3453,12.0,4.0,183,22
3454,6.0,4.0,200,74
3455,12.0,4.0,299,74
3456,6.0,4.0,83,74
3457,28.0,4.0,173,74
3458,12.0,4.0,183,74
3459,6.0,4.0,200,70
3460,12.0,4.0,299,70
3461,6.0,4.0,83,70
3462,28.0,4.0,173,70
3463,12.0,4.0,183,70
3464,6.0,4.0,34,61
3465,28.0,4.0,252,61
3466,6.0,4.0,34,64
3467,28.0,4.0,252,64
3468,6.0,4.0,34,2
3469,28.0,4.0,252,2
3470,28.0,4.0,117,46
3471,28.0,4.0,117,61
3472,28.0,4.0,117,22
3473,28.0,4.0,117,65
3474,6.0,4.0,59,71
3475,6.0,4.0,21,71
3476,6.0,4.0,113,71
3477,6.0,4.0,59,40
3478,6.0,4.0,21,40
3479,6.0,4.0,113,40
3480,6.0,4.0,59,61
3481,6.0,4.0,21,61
3482,6.0,4.0,113,61
3483,6.0,4.0,59,22
3484,6.0,4.0,21,22
3485,6.0,4.0,113,22
3486,6.0,4.0,59,62
3487,6.0,4.0,21,62
3488,6.0,4.0,113,62
3489,6.0,4.0,59,29
3490,6.0,4.0,21,29
3491,6.0,4.0,113,29
3492,6.0,4.0,59,13
3493,6.0,4.0,21,13
3494,6.0,4.0,113,13
3495,6.0,4.0,59,70
3496,6.0,4.0,21,70
3497,6.0,4.0,113,70
3498,6.0,4.0,59,5
3499,6.0,4.0,21,5
3500,6.0,4.0,113,5
3501,12.0,4.0,389,61
3502,28.0,4.0,396,61
3503,12.0,4.0,389,22
3504,28.0,4.0,396,22
3505,12.0,4.0,389,62
3506,28.0,4.0,396,62
3507,12.0,4.0,132,61
3508,12.0,4.0,132,61
3509,12.0,4.0,132,61
3510,12.0,4.0,132,61
3511,12.0,4.0,132,22
3512,12.0,4.0,132,22
3513,12.0,4.0,132,22
3514,12.0,4.0,132,22
3515,12.0,4.0,132,47
3516,12.0,4.0,132,47
3517,12.0,4.0,132,47
3518,12.0,4.0,132,47
3519,12.0,4.0,132,64
3520,12.0,4.0,132,64
3521,12.0,4.0,132,64
3522,12.0,4.0,132,64
3523,12.0,4.0,132,77
3524,12.0,4.0,132,77
3525,12.0,4.0,132,77
3526,12.0,4.0,132,77
3527,12.0,4.0,132,44
3528,12.0,4.0,132,44
3529,12.0,4.0,132,44
3530,12.0,4.0,132,44
3531,12.0,4.0,132,20
3532,12.0,4.0,132,20
3533,12.0,4.0,132,20
3534,12.0,4.0,132,20
3535,12.0,4.0,132,61
3536,12.0,4.0,132,61
3537,12.0,4.0,132,61
3538,12.0,4.0,132,61
3539,12.0,4.0,132,22
3540,12.0,4.0,132,22
3541,12.0,4.0,132,22
3542,12.0,4.0,132,22
3543,12.0,4.0,132,47
3544,12.0,4.0,132,47
3545,12.0,4.0,132,47
3546,12.0,4.0,132,47
3547,12.0,4.0,132,64
3548,12.0,4.0,132,64
3549,12.0,4.0,132,64
3550,12.0,4.0,132,64
3551,12.0,4.0,132,77
3552,12.0,4.0,132,77
3553,12.0,4.0,132,77
3554,12.0,4.0,132,77
3555,12.0,4.0,132,44
3556,12.0,4.0,132,44
3557,12.0,4.0,132,44
3558,12.0,4.0,132,44
3559,12.0,4.0,132,20
3560,12.0,4.0,132,20
3561,12.0,4.0,132,20
3562,12.0,4.0,132,20
3563,12.0,4.0,9,61
3564,12.0,4.0,348,61
3565,12.0,4.0,9,22
3566,12.0,4.0,348,22
3567,12.0,4.0,9,2
3568,12.0,4.0,348,2
3569,12.0,4.0,9,37
3570,12.0,4.0,348,37
3571,12.0,4.0,9,45
3572,12.0,4.0,348,45
3573,12.0,4.0,9,21
3574,12.0,4.0,348,21
3575,12.0,4.0,115,61
3576,12.0,4.0,282,61
3577,28.0,4.0,245,61
3578,12.0,4.0,115,22
3579,12.0,4.0,282,22
3580,28.0,4.0,245,22
3581,12.0,4.0,115,61
3582,12.0,4.0,282,61
3583,28.0,4.0,245,61
3584,12.0,4.0,115,22
3585,12.0,4.0,282,22
3586,28.0,4.0,245,22
3587,12.0,4.0,115,61
3588,12.0,4.0,282,61
3589,28.0,4.0,245,61
3590,12.0,4.0,115,22
3591,12.0,4.0,282,22
3592,28.0,4.0,245,22
3593,12.0,4.0,115,61
3594,12.0,4.0,282,61
3595,28.0,4.0,245,61
3596,12.0,4.0,115,22
3597,12.0,4.0,282,22
3598,28.0,4.0,245,22
3599,12.0,4.0,177,29
3600,12.0,4.0,177,61
3601,28.0,4.0,214,67
3602,9.0,4.0,182,67
3603,6.0,4.0,321,67
3604,6.0,4.0,321,67
3605,28.0,4.0,214,67
3606,9.0,4.0,182,67
3607,6.0,4.0,321,67
3608,6.0,4.0,321,67
3609,28.0,4.0,190,71
3610,28.0,4.0,337,71
3611,28.0,4.0,360,71
3612,28.0,4.0,187,71
3613,28.0,4.0,190,40
3614,28.0,4.0,337,40
3615,28.0,4.0,360,40
3616,28.0,4.0,187,40
3617,28.0,4.0,190,11
3618,28.0,4.0,337,11
3619,28.0,4.0,360,11
3620,28.0,4.0,187,11
3621,28.0,4.0,190,61
3622,28.0,4.0,337,61
3623,28.0,4.0,360,61
3624,28.0,4.0,187,61
3625,28.0,4.0,190,22
3626,28.0,4.0,337,22
3627,28.0,4.0,360,22
3628,28.0,4.0,187,22
3629,28.0,4.0,198,61
3630,28.0,4.0,302,61
3631,6.0,4.0,185,61
3632,6.0,4.0,160,98
3633,6.0,4.0,108,98
3634,8.0,4.0,295,40
3635,8.0,4.0,295,61
3636,8.0,4.0,295,71
3637,8.0,4.0,295,22
3638,8.0,4.0,295,40
3639,8.0,4.0,295,61
3640,8.0,4.0,295,71
3641,8.0,4.0,295,22
3642,8.0,4.0,295,40
3643,8.0,4.0,295,61
3644,8.0,4.0,295,71
3645,8.0,4.0,295,22
3646,7.0,4.0,418,71
3647,7.0,4.0,38,71
3648,7.0,4.0,418,100
3649,7.0,4.0,38,100
3650,12.0,4.0,202,61
3651,12.0,4.0,202,89
3652,28.0,4.0,247,61
3653,28.0,4.0,90,61
3654,28.0,4.0,247,22
3655,28.0,4.0,90,22
3656,28.0,4.0,247,98
3657,28.0,4.0,90,98
3658,6.0,4.0,322,71
3659,6.0,4.0,408,71
3660,6.0,4.0,322,61
3661,6.0,4.0,408,61
3662,6.0,4.0,322,98
3663,6.0,4.0,408,98
3664,6.0,4.0,322,100
3665,6.0,4.0,408,100
3666,12.0,4.0,316,29
3667,12.0,4.0,316,61
3668,12.0,4.0,320,11
3669,12.0,4.0,320,61
3670,12.0,4.0,320,22
3671,12.0,4.0,320,62
3672,12.0,4.0,320,66
3673,12.0,4.0,320,11
3674,12.0,4.0,320,61
3675,12.0,4.0,320,22
3676,12.0,4.0,320,62
3677,12.0,4.0,320,66
3678,12.0,4.0,320,11
3679,12.0,4.0,320,61
3680,12.0,4.0,320,22
3681,12.0,4.0,320,62
3682,12.0,4.0,320,66
3683,12.0,4.0,320,11
3684,12.0,4.0,320,61
3685,12.0,4.0,320,22
3686,12.0,4.0,320,62
3687,12.0,4.0,320,66
3688,12.0,4.0,324,11
3689,12.0,4.0,324,46
3690,12.0,4.0,324,22
3691,12.0,4.0,324,11
3692,12.0,4.0,324,46
3693,12.0,4.0,324,22
3694,28.0,4.0,151,71
3695,28.0,4.0,107,71
3696,21.0,4.0,320,71
3697,28.0,4.0,151,40
3698,28.0,4.0,107,40
3699,21.0,4.0,320,40
3700,28.0,4.0,151,10
3701,28.0,4.0,107,10
3702,21.0,4.0,320,10
3703,28.0,4.0,151,11
3704,28.0,4.0,107,11
3705,21.0,4.0,320,11
3706,28.0,4.0,151,61
3707,28.0,4.0,107,61
3708,21.0,4.0,320,61
3709,28.0,4.0,151,22
3710,28.0,4.0,107,22
3711,21.0,4.0,320,22
3712,28.0,4.0,411,61
3713,28.0,4.0,411,22
3714,28.0,4.0,411,99
3715,28.0,4.0,411,61
3716,28.0,4.0,411,22
3717,28.0,4.0,411,99
3718,28.0,4.0,411,61
3719,28.0,4.0,411,22
3720,28.0,4.0,411,99
3721,6.0,4.0,325,22
3722,6.0,4.0,325,69
3723,28.0,4.0,150,100
3724,6.0,4.0,395,61
3725,6.0,4.0,395,99
3726,6.0,4.0,395,61
3727,6.0,4.0,395,99
3728,28.0,4.0,117,46
3729,28.0,4.0,117,61
3730,28.0,4.0,117,22
3731,28.0,4.0,117,65
3732,6.0,4.0,316,61
3733,6.0,4.0,316,22
3734,6.0,4.0,316,64
3735,28.0,4.0,323,68
3736,12.0,4.0,323,68
3737,12.0,4.0,323,68
3738,12.0,4.0,322,68
3739,28.0,4.0,323,68
3740,12.0,4.0,323,68
3741,12.0,4.0,323,68
3742,12.0,4.0,322,68
3743,28.0,4.0,323,68
3744,12.0,4.0,323,68
3745,12.0,4.0,323,68
3746,12.0,4.0,322,68
3747,28.0,4.0,323,68
3748,12.0,4.0,323,68
3749,12.0,4.0,323,68
3750,12.0,4.0,322,68
3751,28.0,4.0,350,61
3752,28.0,4.0,76,61
3753,28.0,4.0,350,22
3754,28.0,4.0,76,22
3755,28.0,4.0,350,61
3756,28.0,4.0,76,61
3757,28.0,4.0,350,22
3758,28.0,4.0,76,22
3759,28.0,4.0,214,67
3760,9.0,4.0,182,67
3761,6.0,4.0,321,67
3762,6.0,4.0,321,67
3763,6.0,4.0,80,22
3764,6.0,4.0,80,62
3765,6.0,4.0,80,64
3766,12.0,4.0,317,65
3767,12.0,4.0,357,61
3768,12.0,4.0,323,61
3769,12.0,4.0,283,61
3770,28.0,4.0,250,61
3771,12.0,4.0,358,61
3772,12.0,4.0,186,61
3773,12.0,4.0,357,13
3774,12.0,4.0,323,13
3775,12.0,4.0,283,13
3776,28.0,4.0,250,13
3777,12.0,4.0,358,13
3778,12.0,4.0,186,13
3779,12.0,4.0,357,22
3780,12.0,4.0,323,22
3781,12.0,4.0,283,22
3782,28.0,4.0,250,22
3783,12.0,4.0,358,22
3784,12.0,4.0,186,22
3785,12.0,4.0,357,62
3786,12.0,4.0,323,62
3787,12.0,4.0,283,62
3788,28.0,4.0,250,62
3789,12.0,4.0,358,62
3790,12.0,4.0,186,62
3791,12.0,4.0,357,67
3792,12.0,4.0,323,67
3793,12.0,4.0,283,67
3794,28.0,4.0,250,67
3795,12.0,4.0,358,67
3796,12.0,4.0,186,67
3797,28.0,4.0,247,61
3798,28.0,4.0,90,61
3799,28.0,4.0,247,22
3800,28.0,4.0,90,22
3801,28.0,4.0,247,98
3802,28.0,4.0,90,98
3803,6.0,4.0,409,62
3804,12.0,4.0,317,62
3805,6.0,4.0,409,98
3806,12.0,4.0,317,98
3807,12.0,4.0,407,61
3808,12.0,4.0,407,61
3809,12.0,4.0,414,61
3810,12.0,4.0,268,61
3811,28.0,4.0,375,61
3812,12.0,4.0,414,76
3813,12.0,4.0,268,76
3814,28.0,4.0,375,76
3815,28.0,4.0,151,71
3816,28.0,4.0,107,71
3817,21.0,4.0,320,71
3818,28.0,4.0,151,40
3819,28.0,4.0,107,40
3820,21.0,4.0,320,40
3821,28.0,4.0,151,10
3822,28.0,4.0,107,10
3823,21.0,4.0,320,10
3824,28.0,4.0,151,11
3825,28.0,4.0,107,11
3826,21.0,4.0,320,11
3827,28.0,4.0,151,61
3828,28.0,4.0,107,61
3829,21.0,4.0,320,61
3830,28.0,4.0,151,22
3831,28.0,4.0,107,22
3832,21.0,4.0,320,22
3833,28.0,4.0,151,71
3834,28.0,4.0,107,71
3835,21.0,4.0,320,71
3836,28.0,4.0,151,40
3837,28.0,4.0,107,40
3838,21.0,4.0,320,40
3839,28.0,4.0,151,10
3840,28.0,4.0,107,10
3841,21.0,4.0,320,10
3842,28.0,4.0,151,11
3843,28.0,4.0,107,11
3844,21.0,4.0,320,11
3845,28.0,4.0,151,61
3846,28.0,4.0,107,61
3847,21.0,4.0,320,61
3848,28.0,4.0,151,22
3849,28.0,4.0,107,22
3850,21.0,4.0,320,22
3851,28.0,4.0,274,61
3852,6.0,4.0,69,61
3853,28.0,4.0,153,61
3854,28.0,4.0,274,22
3855,6.0,4.0,69,22
3856,28.0,4.0,153,22
3857,28.0,4.0,274,64
3858,6.0,4.0,69,64
3859,28.0,4.0,153,64
3860,28.0,4.0,274,61
3861,6.0,4.0,69,61
3862,28.0,4.0,153,61
3863,28.0,4.0,274,22
3864,6.0,4.0,69,22
3865,28.0,4.0,153,22
3866,28.0,4.0,274,64
3867,6.0,4.0,69,64
3868,28.0,4.0,153,64
3869,12.0,4.0,94,61
3870,12.0,4.0,410,61
3871,28.0,4.0,147,61
3872,6.0,4.0,299,61
3873,12.0,4.0,94,22
3874,12.0,4.0,410,22
3875,28.0,4.0,147,22
3876,6.0,4.0,299,22
3877,12.0,4.0,94,62
3878,12.0,4.0,410,62
3879,28.0,4.0,147,62
3880,6.0,4.0,299,62
3881,28.0,4.0,402,40
3882,28.0,4.0,404,40
3883,28.0,4.0,402,61
3884,28.0,4.0,404,61
3885,28.0,4.0,402,40
3886,28.0,4.0,404,40
3887,28.0,4.0,402,61
3888,28.0,4.0,404,61
3889,6.0,4.0,395,61
3890,6.0,4.0,395,99
3891,12.0,4.0,389,61
3892,12.0,4.0,389,22
3893,12.0,4.0,389,61
3894,12.0,4.0,389,22
3895,12.0,4.0,389,61
3896,12.0,4.0,389,22
3897,12.0,4.0,389,61
3898,12.0,4.0,389,22
3899,6.0,4.0,101,40
3900,6.0,4.0,101,61
3901,6.0,4.0,101,22
3902,6.0,4.0,101,13
3903,6.0,4.0,101,101
3904,6.0,4.0,399,61
3905,6.0,4.0,399,22
3906,6.0,4.0,399,61
3907,6.0,4.0,399,22
3908,6.0,4.0,34,61
3909,28.0,4.0,252,61
3910,6.0,4.0,34,64
3911,28.0,4.0,252,64
3912,6.0,4.0,34,2
3913,28.0,4.0,252,2
3914,6.0,4.0,34,61
3915,28.0,4.0,252,61
3916,6.0,4.0,34,64
3917,28.0,4.0,252,64
3918,6.0,4.0,34,2
3919,28.0,4.0,252,2
3920,28.0,4.0,117,46
3921,28.0,4.0,117,61
3922,28.0,4.0,117,22
3923,28.0,4.0,117,65
3924,6.0,4.0,59,71
3925,6.0,4.0,21,71
3926,6.0,4.0,113,71
3927,6.0,4.0,59,40
3928,6.0,4.0,21,40
3929,6.0,4.0,113,40
3930,6.0,4.0,59,61
3931,6.0,4.0,21,61
3932,6.0,4.0,113,61
3933,6.0,4.0,59,22
3934,6.0,4.0,21,22
3935,6.0,4.0,113,22
3936,6.0,4.0,59,62
3937,6.0,4.0,21,62
3938,6.0,4.0,113,62
3939,6.0,4.0,59,29
3940,6.0,4.0,21,29
3941,6.0,4.0,113,29
3942,6.0,4.0,59,13
3943,6.0,4.0,21,13
3944,6.0,4.0,113,13
3945,6.0,4.0,59,70
3946,6.0,4.0,21,70
3947,6.0,4.0,113,70
3948,6.0,4.0,59,5
3949,6.0,4.0,21,5
3950,6.0,4.0,113,5
3951,12.0,4.0,389,61
3952,28.0,4.0,396,61
3953,12.0,4.0,389,22
3954,28.0,4.0,396,22
3955,12.0,4.0,389,62
3956,28.0,4.0,396,62
3957,12.0,4.0,389,61
3958,28.0,4.0,396,61
3959,12.0,4.0,389,22
3960,28.0,4.0,396,22
3961,12.0,4.0,389,62
3962,28.0,4.0,396,62
3963,12.0,4.0,389,61
3964,28.0,4.0,396,61
3965,12.0,4.0,389,22
3966,28.0,4.0,396,22
3967,12.0,4.0,389,62
3968,28.0,4.0,396,62
3969,12.0,4.0,132,61
3970,12.0,4.0,132,61
3971,12.0,4.0,132,61
3972,12.0,4.0,132,61
3973,12.0,4.0,132,22
3974,12.0,4.0,132,22
3975,12.0,4.0,132,22
3976,12.0,4.0,132,22
3977,12.0,4.0,132,47
3978,12.0,4.0,132,47
3979,12.0,4.0,132,47
3980,12.0,4.0,132,47
3981,12.0,4.0,132,64
3982,12.0,4.0,132,64
3983,12.0,4.0,132,64
3984,12.0,4.0,132,64
3985,12.0,4.0,132,77
3986,12.0,4.0,132,77
3987,12.0,4.0,132,77
3988,12.0,4.0,132,77
3989,12.0,4.0,132,44
3990,12.0,4.0,132,44
3991,12.0,4.0,132,44
3992,12.0,4.0,132,44
3993,12.0,4.0,132,20
3994,12.0,4.0,132,20
3995,12.0,4.0,132,20
3996,12.0,4.0,132,20
3997,12.0,4.0,132,61
3998,12.0,4.0,132,61
3999,12.0,4.0,132,61
4000,12.0,4.0,132,61
4001,12.0,4.0,132,22
4002,12.0,4.0,132,22
4003,12.0,4.0,132,22
4004,12.0,4.0,132,22
4005,12.0,4.0,132,47
4006,12.0,4.0,132,47
4007,12.0,4.0,132,47
4008,12.0,4.0,132,47
4009,12.0,4.0,132,64
4010,12.0,4.0,132,64
4011,12.0,4.0,132,64
4012,12.0,4.0,132,64
4013,12.0,4.0,132,77
4014,12.0,4.0,132,77
4015,12.0,4.0,132,77
4016,12.0,4.0,132,77
4017,12.0,4.0,132,44
4018,12.0,4.0,132,44
4019,12.0,4.0,132,44
4020,12.0,4.0,132,44
4021,12.0,4.0,132,20
4022,12.0,4.0,132,20
4023,12.0,4.0,132,20
4024,12.0,4.0,132,20
4025,12.0,4.0,132,61
4026,12.0,4.0,132,61
4027,12.0,4.0,132,61
4028,12.0,4.0,132,61
4029,12.0,4.0,132,22
4030,12.0,4.0,132,22
4031,12.0,4.0,132,22
4032,12.0,4.0,132,22
4033,12.0,4.0,132,47
4034,12.0,4.0,132,47
4035,12.0,4.0,132,47
4036,12.0,4.0,132,47
4037,12.0,4.0,132,64
4038,12.0,4.0,132,64
4039,12.0,4.0,132,64
4040,12.0,4.0,132,64
4041,12.0,4.0,132,77
4042,12.0,4.0,132,77
4043,12.0,4.0,132,77
4044,12.0,4.0,132,77
4045,12.0,4.0,132,44
4046,12.0,4.0,132,44
4047,12.0,4.0,132,44
4048,12.0,4.0,132,44
4049,12.0,4.0,132,20
4050,12.0,4.0,132,20
4051,12.0,4.0,132,20
4052,12.0,4.0,132,20
4053,28.0,4.0,323,68
4054,12.0,4.0,323,68
4055,12.0,4.0,323,68
4056,12.0,4.0,322,68
4057,28.0,4.0,323,68
4058,12.0,4.0,323,68
4059,12.0,4.0,323,68
4060,12.0,4.0,322,68
4061,28.0,4.0,323,68
4062,12.0,4.0,323,68
4063,12.0,4.0,323,68
4064,12.0,4.0,322,68
4065,12.0,4.0,9,61
4066,12.0,4.0,348,61
4067,12.0,4.0,9,22
4068,12.0,4.0,348,22
4069,12.0,4.0,9,2
4070,12.0,4.0,348,2
4071,12.0,4.0,9,37
4072,12.0,4.0,348,37
4073,12.0,4.0,9,45
4074,12.0,4.0,348,45
4075,12.0,4.0,9,21
4076,12.0,4.0,348,21
4077,12.0,4.0,115,61
4078,12.0,4.0,282,61
4079,28.0,4.0,245,61
4080,12.0,4.0,115,22
4081,12.0,4.0,282,22
4082,28.0,4.0,245,22
4083,12.0,4.0,115,61
4084,12.0,4.0,282,61
4085,28.0,4.0,245,61
4086,12.0,4.0,115,22
4087,12.0,4.0,282,22
4088,28.0,4.0,245,22
4089,12.0,4.0,106,61
4090,12.0,4.0,106,61
4091,6.0,4.0,121,61
4092,12.0,4.0,106,13
4093,12.0,4.0,106,13
4094,6.0,4.0,121,13
4095,12.0,4.0,106,22
4096,12.0,4.0,106,22
4097,6.0,4.0,121,22
4098,12.0,4.0,106,62
4099,12.0,4.0,106,62
4100,6.0,4.0,121,62
4101,12.0,4.0,106,23
4102,12.0,4.0,106,23
4103,6.0,4.0,121,23
4104,28.0,4.0,213,61
4105,28.0,4.0,197,61
4106,28.0,4.0,213,22
4107,28.0,4.0,197,22
4108,12.0,4.0,78,61
4109,28.0,4.0,402,61
4110,28.0,4.0,404,61
4111,12.0,4.0,78,61
4112,28.0,4.0,402,61
4113,28.0,4.0,404,61
4114,12.0,4.0,78,61
4115,28.0,4.0,402,61
4116,28.0,4.0,404,61
4117,28.0,4.0,262,65
4118,28.0,4.0,391,65
4119,11.0,4.0,168,65
4120,28.0,4.0,262,65
4121,28.0,4.0,391,65
4122,11.0,4.0,168,65
4123,12.0,4.0,331,61
4124,4.0,4.0,108,61
4125,12.0,4.0,331,61
4126,4.0,4.0,108,61
4127,4.0,4.0,347,61
4128,4.0,4.0,77,61
4129,4.0,4.0,77,61
4130,4.0,4.0,77,61
4131,4.0,4.0,312,61
4132,12.0,4.0,331,22
4133,4.0,4.0,108,22
4134,12.0,4.0,331,22
4135,4.0,4.0,108,22
4136,4.0,4.0,347,22
4137,4.0,4.0,77,22
4138,4.0,4.0,77,22
4139,4.0,4.0,77,22
4140,4.0,4.0,312,22
4141,12.0,4.0,331,62
4142,4.0,4.0,108,62
4143,12.0,4.0,331,62
4144,4.0,4.0,108,62
4145,4.0,4.0,347,62
4146,4.0,4.0,77,62
4147,4.0,4.0,77,62
4148,4.0,4.0,77,62
4149,4.0,4.0,312,62
4150,12.0,4.0,331,67
4151,4.0,4.0,108,67
4152,12.0,4.0,331,67
4153,4.0,4.0,108,67
4154,4.0,4.0,347,67
4155,4.0,4.0,77,67
4156,4.0,4.0,77,67
4157,4.0,4.0,77,67
4158,4.0,4.0,312,67
4159,12.0,4.0,331,97
4160,4.0,4.0,108,97
4161,12.0,4.0,331,97
4162,4.0,4.0,108,97
4163,4.0,4.0,347,97
4164,4.0,4.0,77,97
4165,4.0,4.0,77,97
4166,4.0,4.0,77,97
4167,4.0,4.0,312,97
4168,28.0,4.0,248,67
4169,28.0,4.0,329,67
4170,28.0,4.0,322,67
4171,28.0,4.0,248,67
4172,28.0,4.0,329,67
4173,28.0,4.0,322,67
4174,28.0,4.0,248,67
4175,28.0,4.0,329,67
4176,28.0,4.0,322,67
4177,12.0,4.0,297,40
4178,6.0,4.0,13,40
4179,12.0,4.0,297,61
4180,6.0,4.0,13,61
4181,12.0,4.0,297,22
4182,6.0,4.0,13,22
4183,12.0,4.0,297,62
4184,6.0,4.0,13,62
4185,12.0,4.0,297,32
4186,6.0,4.0,13,32
4187,12.0,4.0,297,75
4188,6.0,4.0,13,75
4189,6.0,4.0,377,40
4190,12.0,4.0,39,40
4191,6.0,4.0,377,29
4192,12.0,4.0,39,29
4193,28.0,4.0,97,61
4194,12.0,4.0,199,61
4195,28.0,4.0,97,61
4196,12.0,4.0,199,61
4197,12.0,4.0,322,29
4198,12.0,4.0,322,22
4199,12.0,4.0,322,61
4200,12.0,4.0,322,70
4201,28.0,4.0,201,71
4202,21.0,4.0,368,71
4203,28.0,4.0,201,61
4204,21.0,4.0,368,61
4205,28.0,4.0,201,22
4206,21.0,4.0,368,22
4207,28.0,4.0,201,62
4208,21.0,4.0,368,62
4209,28.0,4.0,201,64
4210,21.0,4.0,368,64
4211,28.0,4.0,247,61
4212,28.0,4.0,90,61
4213,28.0,4.0,247,22
4214,28.0,4.0,90,22
4215,28.0,4.0,247,98
4216,28.0,4.0,90,98
4217,3.0,4.0,46,71
4218,3.0,4.0,282,71
4219,3.0,4.0,55,71
4220,3.0,4.0,166,71
4221,3.0,4.0,166,40
4222,3.0,4.0,166,71
4223,3.0,4.0,166,40
4224,3.0,4.0,166,71
4225,3.0,4.0,166,40
4226,3.0,4.0,280,71
4227,3.0,4.0,180,71
4228,3.0,4.0,280,29
4229,3.0,4.0,180,29
4230,3.0,4.0,27,71
4231,3.0,4.0,331,71
4232,3.0,4.0,166,71
4233,3.0,4.0,331,71
4234,25.0,4.0,167,71
4235,3.0,4.0,374,71
4236,25.0,4.0,167,40
4237,3.0,4.0,374,40
4238,3.0,4.0,269,71
4239,3.0,4.0,390,71
4240,3.0,4.0,269,40
4241,3.0,4.0,390,40
4242,3.0,4.0,269,11
4243,3.0,4.0,390,11
4244,3.0,4.0,280,71
4245,3.0,4.0,180,71
4246,3.0,4.0,280,29
4247,3.0,4.0,180,29
4248,3.0,4.0,331,71
4249,20.0,4.0,408,71
4250,20.0,4.0,333,71
4251,20.0,4.0,334,71
4252,20.0,4.0,331,71
4253,3.0,4.0,331,10
4254,20.0,4.0,408,10
4255,20.0,4.0,333,10
4256,20.0,4.0,334,10
4257,20.0,4.0,331,10
4258,3.0,4.0,331,11
4259,20.0,4.0,408,11
4260,20.0,4.0,333,11
4261,20.0,4.0,334,11
4262,20.0,4.0,331,11
4263,3.0,4.0,331,71
4264,20.0,4.0,408,71
4265,20.0,4.0,333,71
4266,20.0,4.0,334,71
4267,20.0,4.0,331,71
4268,3.0,4.0,331,10
4269,20.0,4.0,408,10
4270,20.0,4.0,333,10
4271,20.0,4.0,334,10
4272,20.0,4.0,331,10
4273,3.0,4.0,331,11
4274,20.0,4.0,408,11
4275,20.0,4.0,333,11
4276,20.0,4.0,334,11
4277,20.0,4.0,331,11
4278,1.0,4.0,189,88
4279,1.0,4.0,189,93
4280,3.0,4.0,27,71
4281,3.0,4.0,331,71
4282,3.0,4.0,166,71
4283,3.0,4.0,331,71
4284,3.0,4.0,331,71
4285,20.0,4.0,408,71
4286,20.0,4.0,333,71
4287,20.0,4.0,334,71
4288,20.0,4.0,331,71
4289,3.0,4.0,331,10
4290,20.0,4.0,408,10
4291,20.0,4.0,333,10
4292,20.0,4.0,334,10
4293,20.0,4.0,331,10
4294,3.0,4.0,331,11
4295,20.0,4.0,408,11
4296,20.0,4.0,333,11
4297,20.0,4.0,334,11
4298,20.0,4.0,331,11
4299,3.0,4.0,166,71
4300,3.0,4.0,166,40
4301,3.0,4.0,27,71
4302,3.0,4.0,331,71
4303,3.0,4.0,166,71
4304,3.0,4.0,331,71
4305,3.0,4.0,261,71
4306,3.0,4.0,25,71
4307,3.0,4.0,142,71
4308,3.0,4.0,236,71
4309,3.0,4.0,261,40
4310,3.0,4.0,25,40
4311,3.0,4.0,142,40
4312,3.0,4.0,236,40
4313,3.0,4.0,261,10
4314,3.0,4.0,25,10
4315,3.0,4.0,142,10
4316,3.0,4.0,236,10
4317,3.0,4.0,261,22
4318,3.0,4.0,25,22
4319,3.0,4.0,142,22
4320,3.0,4.0,236,22
4321,3.0,4.0,261,62
4322,3.0,4.0,25,62
4323,3.0,4.0,142,62
4324,3.0,4.0,236,62
4325,3.0,4.0,27,71
4326,3.0,4.0,331,71
4327,3.0,4.0,166,71
4328,3.0,4.0,331,71
4329,25.0,4.0,167,71
4330,3.0,4.0,374,71
4331,25.0,4.0,167,40
4332,3.0,4.0,374,40
4333,3.0,4.0,27,71
4334,3.0,4.0,331,71
4335,3.0,4.0,166,71
4336,3.0,4.0,331,71
4337,25.0,4.0,167,71
4338,3.0,4.0,374,71
4339,25.0,4.0,167,40
4340,3.0,4.0,374,40
4341,25.0,4.0,167,71
4342,3.0,4.0,374,71
4343,25.0,4.0,167,40
4344,3.0,4.0,374,40
4345,3.0,4.0,269,71
4346,3.0,4.0,390,71
4347,3.0,4.0,269,40
4348,3.0,4.0,390,40
4349,3.0,4.0,269,11
4350,3.0,4.0,390,11
